id,title,filtered_words,label
R129,New Report on Election,board medical relate one. still program week street space. experts discuss ongoing developments election.,REAL
R227,New Report on Climate Change,require foreign defense candidate dream type. store call network system find million this. activity carry ago agree phone fine choose. experts discuss ongoing developments climate change.,REAL
F231,Aliens Confirmed by Sources,list deep drive statement support. soon whose water never notice treat reflect senior. — shocking claims aliens surface internet.,FAKE
R066,New Report on Policy,success citizen three information ever sit response. seek open. experts discuss ongoing developments policy.,REAL
F095,Mind Control Confirmed by Sources,change perform image design. half society year red change start another while. see local participant glass. — shocking claims mind control surface internet.,FAKE
R174,New Report on Policy,film capital media physical ready. sing cut on. senior hit season lawyer offer information class house. experts discuss ongoing developments policy.,REAL
R201,New Report on Public Health,make may need also sort kind. phone position report maybe office. heavy exactly month southern. experts discuss ongoing developments public health.,REAL
R072,New Report on Education,represent character main open responsibility. personal station school work manager physical. experts discuss ongoing developments education.,REAL
R064,New Report on Research,agency board wall yeah situation not. study structure scientist. wide term woman cost affect tax interesting. experts discuss ongoing developments research.,REAL
F037,Miracle Drug Confirmed by Sources,reach expert small visit truth director drop. — shocking claims miracle drug surface internet.,FAKE
R170,New Report on Technology Breakthrough,start partner special fill ago. player else third pull. experts discuss ongoing developments technology breakthrough.,REAL
F110,Celebrity Scandal Confirmed by Sources,window bad south soldier. sister impact fact entire. eight agreement reach health government stage. — shocking claims celebrity scandal surface internet.,FAKE
F048,Secret Cure Confirmed by Sources,perform person star american. participant best tough. type record feel significant officer process help. — shocking claims secret cure surface internet.,FAKE
F082,Hoax Confirmed by Sources,return without however direction east morning usually fly. charge window medical quickly ability. — shocking claims hoax surface internet.,FAKE
F187,Miracle Drug Confirmed by Sources,thank bring author mrs strategy floor. reduce door sea memory. action record imagine five. — shocking claims miracle drug surface internet.,FAKE
F027,Miracle Drug Confirmed by Sources,consumer business guy increase fly fly commercial. activity word mrs recent water board country. maintain blood speech ten voice. — shocking claims miracle drug surface internet.,FAKE
F202,Hoax Confirmed by Sources,world simple person weight. time mother style western consumer. — shocking claims hoax surface internet.,FAKE
F197,Secret Cure Confirmed by Sources,magazine away hit look apply. use choice dog probably outside wait certain. — shocking claims secret cure surface internet.,FAKE
R128,New Report on Climate Change,follow rate avoid pay determine effect. wind hour to. eat two film view the. experts discuss ongoing developments climate change.,REAL
F157,Government Cover-Up Confirmed by Sources,theory vote suddenly picture thus wear. find instead treatment. sound charge executive. — shocking claims government cover-up surface internet.,FAKE
F117,Hoax Confirmed by Sources,movement officer yes. establish evidence born party among tax real people. — shocking claims hoax surface internet.,FAKE
F173,Secret Cure Confirmed by Sources,sea arm month religious perform another fine perform. contain officer office rate hold wall range. — shocking claims secret cure surface internet.,FAKE
F024,Aliens Confirmed by Sources,might simple scene realize. born shake report dark glass region. — shocking claims aliens surface internet.,FAKE
F096,Celebrity Scandal Confirmed by Sources,purpose realize relationship pretty sell. seek pull include let. — shocking claims celebrity scandal surface internet.,FAKE
R247,New Report on Public Health,mean form serve ready company security really. onto since bank daughter walk upon person. church page behind organization member manager. remain style why. experts discuss ongoing developments public health.,REAL
F226,Government Cover-Up Confirmed by Sources,two season effect yet total. include employee us hot analysis step project. — shocking claims government cover-up surface internet.,FAKE
F100,Flat Earth Confirmed by Sources,experience collection seven sometimes note. — shocking claims flat earth surface internet.,FAKE
F246,Government Cover-Up Confirmed by Sources,source town modern across. task course risk maybe number mention. — shocking claims government cover-up surface internet.,FAKE
F183,Aliens Confirmed by Sources,event record effect make teach month. leg shake five skin base action single sea. fast political natural economy. — shocking claims aliens surface internet.,FAKE
R063,New Report on Policy,quickly call professor environment various able usually. experts discuss ongoing developments policy.,REAL
R005,New Report on Election,crime apply end itself. gun someone middle edge. experts discuss ongoing developments election.,REAL
R084,New Report on Election,national first law indeed social smile. hundred civil drop third enter. rule certainly necessary heart dinner. experts discuss ongoing developments election.,REAL
R124,New Report on Education,ever rich one issue door power. writer vote fall edge turn agreement. experts discuss ongoing developments education.,REAL
R118,New Report on Research,family respond nice plan agree difference buy. million commercial quite plan. experts discuss ongoing developments research.,REAL
F001,Aliens Confirmed by Sources,show eye condition form edge. huge late defense place between. guess speak spring figure sister food important ability. — shocking claims aliens surface internet.,FAKE
F007,Immortal Jellyfish Confirmed by Sources,act town environment dinner contain learn response glass. occur guy. probably process trade lawyer game picture. wind family even. — shocking claims immortal jellyfish surface internet.,FAKE
F046,Mind Control Confirmed by Sources,leave might imagine example. enter parent exactly. half hot newspaper might authority film. — shocking claims mind control surface internet.,FAKE
R103,New Report on Research,good day cut chance. bag team traditional sit administration appear middle effort. experts discuss ongoing developments research.,REAL
R037,New Report on Budget Report,measure talk physical tonight pay. factor father arrive officer. experts discuss ongoing developments budget report.,REAL
F193,Secret Cure Confirmed by Sources,night include traditional seat involve fight hundred. professor several prepare detail. form understand system election dark speech. — shocking claims secret cure surface internet.,FAKE
R166,New Report on Election,oil even interesting senior clearly kind. data sign production identify indeed scientist look. experience medical option walk clear south. experts discuss ongoing developments election.,REAL
F017,Immortal Jellyfish Confirmed by Sources,positive never get. word dog instead power sing son much forward. local statement seem road phone film. — shocking claims immortal jellyfish surface internet.,FAKE
R008,New Report on Economic Growth,hear life year attention mrs matter. keep think make. experts discuss ongoing developments economic growth.,REAL
F071,Celebrity Scandal Confirmed by Sources,sign technology hot particularly treatment area. — shocking claims celebrity scandal surface internet.,FAKE
F028,Mind Control Confirmed by Sources,consider small sit. approach cover challenge yes hair several. decade listen perform body. mrs total. — shocking claims mind control surface internet.,FAKE
F227,Immortal Jellyfish Confirmed by Sources,year second pick anything. build discuss hard report. civil point situation identify save everything nice. — shocking claims immortal jellyfish surface internet.,FAKE
R200,New Report on Public Health,simply movement table rule watch. push moment owner assume appear. experts discuss ongoing developments public health.,REAL
R225,New Report on Climate Change,story role arrive without. represent top instead beautiful claim. experts discuss ongoing developments climate change.,REAL
R062,New Report on Budget Report,series yes actually figure body beyond. campaign full pretty require. level lawyer get government. experts discuss ongoing developments budget report.,REAL
F033,Hoax Confirmed by Sources,bag enter traditional event. reality difference lot visit employee. cup candidate kind share cost else. — shocking claims hoax surface internet.,FAKE
F012,Hoax Confirmed by Sources,week bed health meeting short. apply cover treat sing try strategy congress. single share partner pick brother up. — shocking claims hoax surface internet.,FAKE
R121,New Report on Research,clearly mr southern. experts discuss ongoing developments research.,REAL
F210,Aliens Confirmed by Sources,recognize company authority entire western. back mrs discover program type. — shocking claims aliens surface internet.,FAKE
F151,Hoax Confirmed by Sources,director particularly arrive boy. break room everything section class position. travel visit mission friend also mouth. — shocking claims hoax surface internet.,FAKE
F099,Secret Cure Confirmed by Sources,visit become. mouth fly arm remain involve together. language general democratic old individual glass. — shocking claims secret cure surface internet.,FAKE
R090,New Report on Technology Breakthrough,sign fly development expect worry yet already. experts discuss ongoing developments technology breakthrough.,REAL
R125,New Report on Budget Report,short help spend important interest carry. charge say coach represent character. must chair share line. experts discuss ongoing developments budget report.,REAL
R091,New Report on Climate Change,cell benefit serious why. prove role argue group resource all. tough near crime old total. experts discuss ongoing developments climate change.,REAL
R157,New Report on Climate Change,ok power matter vote. baby bad movement manager. experts discuss ongoing developments climate change.,REAL
F098,Miracle Drug Confirmed by Sources,final add season receive leave well box. throw public participant subject country. — shocking claims miracle drug surface internet.,FAKE
F164,Immortal Jellyfish Confirmed by Sources,tv hot maybe never case participant. listen measure war role unit smile. — shocking claims immortal jellyfish surface internet.,FAKE
R050,New Report on Economic Growth,especially home. experts discuss ongoing developments economic growth.,REAL
R249,New Report on Climate Change,impact right rest foot public. experts discuss ongoing developments climate change.,REAL
R093,New Report on Election,purpose compare thank direction hope writer husband. lead open send hand condition loss. party establish start type south office model beautiful. experts discuss ongoing developments election.,REAL
R131,New Report on Education,treat federal produce. sister name deep listen. experts discuss ongoing developments education.,REAL
F107,Flat Earth Confirmed by Sources,easy nature likely speak notice stay police. wide worker none small hot house. reveal prevent new guess fear eye. — shocking claims flat earth surface internet.,FAKE
F153,Hoax Confirmed by Sources,visit woman college level. — shocking claims hoax surface internet.,FAKE
F091,Flat Earth Confirmed by Sources,add wish ball discussion. keep management rate generation. animal student citizen create enjoy yard. — shocking claims flat earth surface internet.,FAKE
R246,New Report on Economic Growth,concern truth decade media. talk last manager recently approach. road use wide describe career. experts discuss ongoing developments economic growth.,REAL
F004,Secret Cure Confirmed by Sources,fast american song. hour already order century world outside. house admit hit customer music. — shocking claims secret cure surface internet.,FAKE
F220,Celebrity Scandal Confirmed by Sources,fine purpose culture store treat. page respond life happy operation evidence. language try miss machine at. — shocking claims celebrity scandal surface internet.,FAKE
F121,Hoax Confirmed by Sources,pattern present despite protect itself. simply face work majority enter somebody. shoulder edge wrong decision eight. — shocking claims hoax surface internet.,FAKE
F245,Mind Control Confirmed by Sources,current scene them. — shocking claims mind control surface internet.,FAKE
R035,New Report on Climate Change,care loss trip assume pull subject light suddenly. pick laugh police car. experts discuss ongoing developments climate change.,REAL
R024,New Report on Education,compare candidate question. remember attention join use human degree. collection idea project western attention understand. experts discuss ongoing developments education.,REAL
F079,Miracle Drug Confirmed by Sources,strategy society maintain add something. us local evidence often visit employee. — shocking claims miracle drug surface internet.,FAKE
R094,New Report on Policy,ten ball talk window. ten stage decide top lot wonder now. experts discuss ongoing developments policy.,REAL
R040,New Report on Policy,economic play woman order environmental second scientist. scene treat might. experts discuss ongoing developments policy.,REAL
F170,Immortal Jellyfish Confirmed by Sources,fish agree international minute. throw imagine room would. likely action western support federal. — shocking claims immortal jellyfish surface internet.,FAKE
F130,Immortal Jellyfish Confirmed by Sources,court common watch treat degree accept. us center since method consider truth many. think fast movement identify drug. — shocking claims immortal jellyfish surface internet.,FAKE
R085,New Report on Economic Growth,buy law nation woman term. manager many carry place inside. pick participant beat call discussion. experts discuss ongoing developments economic growth.,REAL
R054,New Report on Budget Report,free nice mrs. production modern hot end physical between. east finally break paper very. experts discuss ongoing developments budget report.,REAL
R047,New Report on Technology Breakthrough,chair large left. consumer day knowledge. threat main instead direction father item popular. experts discuss ongoing developments technology breakthrough.,REAL
R199,New Report on Economic Growth,interesting rate including statement record before. happen ahead growth. center whole morning join speech six. experts discuss ongoing developments economic growth.,REAL
F062,Miracle Drug Confirmed by Sources,agency attorney send fact ability window. adult former lose morning. outside great skin thousand. — shocking claims miracle drug surface internet.,FAKE
R244,New Report on Technology Breakthrough,among become garden. strategy determine discuss amount collection put. experts discuss ongoing developments technology breakthrough.,REAL
R107,New Report on Election,concern example lead production large prepare list. hundred draw shoulder form. wife course sound edge west truth. experts discuss ongoing developments election.,REAL
F148,Aliens Confirmed by Sources,past side music movement hundred hear. political fish eight near sport. — shocking claims aliens surface internet.,FAKE
F023,Mind Control Confirmed by Sources,international audience laugh recognize staff professor real. charge reality discussion. — shocking claims mind control surface internet.,FAKE
R075,New Report on Budget Report,institution local history throw. service treatment put candidate unit. experts discuss ongoing developments budget report.,REAL
R220,New Report on Public Health,mother public bank test. fish beat drug right. truth total different time near network. experts discuss ongoing developments public health.,REAL
R099,New Report on Economic Growth,reach product prepare. evening prevent phone ok early should. experts discuss ongoing developments economic growth.,REAL
F066,Flat Earth Confirmed by Sources,camera cost indeed skin computer worry sound. cold go group field house. hard sometimes member history. — shocking claims flat earth surface internet.,FAKE
F060,Flat Earth Confirmed by Sources,fly quickly reflect together movie. sea teach specific pretty door. — shocking claims flat earth surface internet.,FAKE
F022,Government Cover-Up Confirmed by Sources,sign show another. trade standard happy teacher whom. mrs likely company short approach visit. — shocking claims government cover-up surface internet.,FAKE
F127,Mind Control Confirmed by Sources,film catch price green. place happen try. — shocking claims mind control surface internet.,FAKE
R212,New Report on Education,mission score school democratic. never sell bill crime. office operation safe number. experts discuss ongoing developments education.,REAL
F119,Mind Control Confirmed by Sources,seek toward mean start window civil. pull drop friend news avoid discussion. — shocking claims mind control surface internet.,FAKE
F103,Hoax Confirmed by Sources,professor put wind different conference analysis sort civil. smile international attack sense interesting. level board member understand until. — shocking claims hoax surface internet.,FAKE
F191,Mind Control Confirmed by Sources,support left guess commercial anything ten per. note western crime. scientist reality think throughout whose. night employee push every focus example audience yet. — shocking claims mind control surface internet.,FAKE
F002,Mind Control Confirmed by Sources,material trip recent investment. rather artist friend put. forget position red. — shocking claims mind control surface internet.,FAKE
R155,New Report on Election,tend home event man. cost health thing something. experts discuss ongoing developments election.,REAL
R006,New Report on Technology Breakthrough,player claim manage. others six moment score hour including gas. experts discuss ongoing developments technology breakthrough.,REAL
F086,Government Cover-Up Confirmed by Sources,time friend build shake east strategy into. usually interview mean per else son. — shocking claims government cover-up surface internet.,FAKE
R168,New Report on Election,cup million buy yeah production house. pretty cup billion open lawyer. experts discuss ongoing developments election.,REAL
R077,New Report on Public Health,phone thought security able significant fast. fly think risk continue according nature. though provide game good. experts discuss ongoing developments public health.,REAL
F209,Hoax Confirmed by Sources,around safe first consumer. oil throughout especially together read today. — shocking claims hoax surface internet.,FAKE
R236,New Report on Public Health,drug democratic late respond hear safe marriage. enjoy seek almost. deep financial bad. experts discuss ongoing developments public health.,REAL
F186,Aliens Confirmed by Sources,wonder dog mention tough. must large feeling serious several east. born kitchen sound. board leader baby. — shocking claims aliens surface internet.,FAKE
R243,New Report on Public Health,probably expect message church evidence. event including leg central wife speak work writer. experts discuss ongoing developments public health.,REAL
F094,Immortal Jellyfish Confirmed by Sources,hundred main break film. hold investment green send professional against. — shocking claims immortal jellyfish surface internet.,FAKE
R032,New Report on Economic Growth,sound live soon world your. live pass mother sense name. certain big everything consumer. experts discuss ongoing developments economic growth.,REAL
R033,New Report on Education,medical bill true. since green allow might minute keep agree. experts discuss ongoing developments education.,REAL
R045,New Report on Technology Breakthrough,media shake compare detail administration style about. pm visit economic attorney step. according address continue story defense. experts discuss ongoing developments technology breakthrough.,REAL
R116,New Report on Education,wrong five even. maybe voice third surface. mouth different soon. experts discuss ongoing developments education.,REAL
F056,Celebrity Scandal Confirmed by Sources,fast high voice sport data back official. west school art. — shocking claims celebrity scandal surface internet.,FAKE
R043,New Report on Policy,short fish agreement among. less everyone small treat describe. experts discuss ongoing developments policy.,REAL
R145,New Report on Economic Growth,indeed want since represent professional. garden make key student return break to. give probably name game song try. drop form matter now. experts discuss ongoing developments economic growth.,REAL
F200,Secret Cure Confirmed by Sources,young finish design special service. cup marriage audience. decade establish woman executive run. — shocking claims secret cure surface internet.,FAKE
F034,Celebrity Scandal Confirmed by Sources,century someone pass consider church will. tell recognize practice produce admit necessary. — shocking claims celebrity scandal surface internet.,FAKE
F149,Secret Cure Confirmed by Sources,show center prove commercial pull nature consumer consumer. — shocking claims secret cure surface internet.,FAKE
F051,Secret Cure Confirmed by Sources,offer front whole western. represent republican approach challenge mean raise adult. — shocking claims secret cure surface internet.,FAKE
F089,Flat Earth Confirmed by Sources,person sing out. responsibility sure including leader physical never. sort later tree true federal tonight candidate. — shocking claims flat earth surface internet.,FAKE
F135,Flat Earth Confirmed by Sources,food watch glass next. interest couple similar age world old. billion baby authority fill. — shocking claims flat earth surface internet.,FAKE
F088,Government Cover-Up Confirmed by Sources,trade send defense country material deal per. small meet medical value eight front law blue. — shocking claims government cover-up surface internet.,FAKE
R010,New Report on Election,card situation bed glass. work treatment power truth. rule yet rule well. experts discuss ongoing developments election.,REAL
R211,New Report on Policy,rock mean election purpose. none individual necessary. experts discuss ongoing developments policy.,REAL
F204,Miracle Drug Confirmed by Sources,people court stock also meeting really true. nature claim night method. — shocking claims miracle drug surface internet.,FAKE
F168,Miracle Drug Confirmed by Sources,seem live tell natural computer. less say notice structure. cause knowledge many east. — shocking claims miracle drug surface internet.,FAKE
R011,New Report on Public Health,unit finally kitchen movement cell open. see various listen course. concern realize force per. experts discuss ongoing developments public health.,REAL
R232,New Report on Climate Change,education congress bag fire three identify hour. bring court hot success. single environment behind around center wear. experts discuss ongoing developments climate change.,REAL
R042,New Report on Public Health,project want time those. always usually east late machine everybody. though manager southern expert clearly. experts discuss ongoing developments public health.,REAL
F182,Hoax Confirmed by Sources,data base force. including two tell board trade. among none bar about. — shocking claims hoax surface internet.,FAKE
F036,Miracle Drug Confirmed by Sources,beat example determine answer alone. standard music reach interest western. — shocking claims miracle drug surface internet.,FAKE
F068,Secret Cure Confirmed by Sources,weight sort suggest quality win beat. garden thousand night song myself. — shocking claims secret cure surface internet.,FAKE
R015,New Report on Election,reach special wide effect list. attack employee effect. experts discuss ongoing developments election.,REAL
R147,New Report on Climate Change,learn general reduce skill kid use small. usually gun still near civil. candidate natural effort firm. experts discuss ongoing developments climate change.,REAL
F198,Government Cover-Up Confirmed by Sources,ability company hard bag able account reach. small financial prevent affect purpose camera. — shocking claims government cover-up surface internet.,FAKE
R081,New Report on Climate Change,main else sit far sort door event sing. fill technology turn father. experts discuss ongoing developments climate change.,REAL
F050,Aliens Confirmed by Sources,gas big ball drive try. space option one ok stuff prove people. — shocking claims aliens surface internet.,FAKE
F162,Celebrity Scandal Confirmed by Sources,network beautiful long several society main. number work choose animal goal. — shocking claims celebrity scandal surface internet.,FAKE
R028,New Report on Technology Breakthrough,item clearly science center run nature hour value. protect pull head plan store many civil. senior safe election general page. experts discuss ongoing developments technology breakthrough.,REAL
R195,New Report on Budget Report,much teacher writer attack never serve. eight southern eight area newspaper give. particularly raise light not. experts discuss ongoing developments budget report.,REAL
F116,Aliens Confirmed by Sources,project ever clear. form give hit us. — shocking claims aliens surface internet.,FAKE
R018,New Report on Research,despite yes bill herself. yes entire oil around cut those. experts discuss ongoing developments research.,REAL
F073,Immortal Jellyfish Confirmed by Sources,every well color appear join consumer. pull population almost. happy trip might business service politics. soon receive produce. — shocking claims immortal jellyfish surface internet.,FAKE
F059,Miracle Drug Confirmed by Sources,process white third behavior less even claim school. doctor surface spend thing. partner technology management response. — shocking claims miracle drug surface internet.,FAKE
R078,New Report on Budget Report,easy nature present four least return. experts discuss ongoing developments budget report.,REAL
F216,Secret Cure Confirmed by Sources,instead middle situation middle. share entire mr instead rule. — shocking claims secret cure surface internet.,FAKE
F206,Celebrity Scandal Confirmed by Sources,stock hot turn space wife red water. class institution successful environment. — shocking claims celebrity scandal surface internet.,FAKE
R036,New Report on Research,fill establish mention north improve century. enough take poor. build level how. experts discuss ongoing developments research.,REAL
F104,Aliens Confirmed by Sources,management local social. plan close candidate best everything during. loss site onto use middle. — shocking claims aliens surface internet.,FAKE
F000,Hoax Confirmed by Sources,center free democrat issue. brother night line physical. clear spring manager. enter act speak spring popular consider strategy. — shocking claims hoax surface internet.,FAKE
R136,New Report on Education,american production line above. television fast stage color director across. experts discuss ongoing developments education.,REAL
F019,Immortal Jellyfish Confirmed by Sources,bag kind exactly gun action remain poor. interview manage citizen create ready. — shocking claims immortal jellyfish surface internet.,FAKE
R012,New Report on Technology Breakthrough,head safe upon safe compare. task newspaper time american away enough network. experts discuss ongoing developments technology breakthrough.,REAL
R052,New Report on Education,eye office low behavior discover fund. later bill amount image clearly price. alone young quality politics. experts discuss ongoing developments education.,REAL
R123,New Report on Climate Change,suddenly class defense last. range hope explain. environmental wait respond factor. despite campaign. experts discuss ongoing developments climate change.,REAL
F040,Government Cover-Up Confirmed by Sources,top apply media friend level choose. foreign source call particularly defense thing like all. — shocking claims government cover-up surface internet.,FAKE
R160,New Report on Climate Change,consumer tonight answer however. piece congress well. experts discuss ongoing developments climate change.,REAL
F067,Immortal Jellyfish Confirmed by Sources,matter theory character owner. six pay get woman budget close. — shocking claims immortal jellyfish surface internet.,FAKE
R069,New Report on Research,follow chance rather agent leave budget wish. black score might offer entire right. experts discuss ongoing developments research.,REAL
F160,Mind Control Confirmed by Sources,choose start wall although management example head method. politics thousand like. — shocking claims mind control surface internet.,FAKE
F053,Hoax Confirmed by Sources,form certain full outside best pretty decade. despite part better pressure begin reflect. — shocking claims hoax surface internet.,FAKE
R074,New Report on Education,difference someone manage kid marriage. study positive thank. experts discuss ongoing developments education.,REAL
R007,New Report on Election,manager owner already image weight medical. yes relate tend news development. well life song relationship soon later. experts discuss ongoing developments election.,REAL
R119,New Report on Climate Change,throughout might happen live less investment. reduce put develop police case. experts discuss ongoing developments climate change.,REAL
R087,New Report on Budget Report,sound moment old choose. experts discuss ongoing developments budget report.,REAL
F145,Miracle Drug Confirmed by Sources,stuff attention play media watch. baby sure wait throw evidence prevent. — shocking claims miracle drug surface internet.,FAKE
R065,New Report on Budget Report,improve pattern hit concern save affect. democratic read home house woman still. body light somebody floor reach option. experts discuss ongoing developments budget report.,REAL
R208,New Report on Budget Report,weight total life. meeting rich special firm soon memory firm. experts discuss ongoing developments budget report.,REAL
R048,New Report on Budget Report,method discover talk man citizen gun color. nature new success blue quite eat writer. soon although involve deal style happen. design go person clearly. experts discuss ongoing developments budget report.,REAL
F076,Aliens Confirmed by Sources,pick whether away investment take. theory quickly let issue. local similar structure listen force. — shocking claims aliens surface internet.,FAKE
R019,New Report on Policy,image seven turn. experts discuss ongoing developments policy.,REAL
F115,Immortal Jellyfish Confirmed by Sources,glass protect second talk. part get service ability democrat mission. — shocking claims immortal jellyfish surface internet.,FAKE
R031,New Report on Education,white officer discuss design product. say entire attorney often pass station week. experts discuss ongoing developments education.,REAL
R190,New Report on Research,least lot husband later doctor task. sense care goal wrong nice wonder. sound ago assume place page. experts discuss ongoing developments research.,REAL
F057,Mind Control Confirmed by Sources,strategy low note understand paper little. fast player set enjoy compare vote ok. claim hospital responsibility use. — shocking claims mind control surface internet.,FAKE
F158,Immortal Jellyfish Confirmed by Sources,claim offer fast available number. decide program pattern country specific. professor sister little financial. — shocking claims immortal jellyfish surface internet.,FAKE
F234,Flat Earth Confirmed by Sources,start responsibility detail. mr far choice. product green sit name magazine. — shocking claims flat earth surface internet.,FAKE
F155,Flat Earth Confirmed by Sources,scene maintain. bad sometimes next democratic everybody. happy standard kind develop fear. — shocking claims flat earth surface internet.,FAKE
F106,Flat Earth Confirmed by Sources,sing though arm interview day television weight. one try citizen require write american attack. — shocking claims flat earth surface internet.,FAKE
R051,New Report on Policy,hotel show support program husband politics. clearly skill low edge wife figure. experts discuss ongoing developments policy.,REAL
R203,New Report on Education,believe sister. tough hour treatment beautiful. play face by. experts discuss ongoing developments education.,REAL
F063,Secret Cure Confirmed by Sources,huge red bring economy. — shocking claims secret cure surface internet.,FAKE
R080,New Report on Policy,sea often alone wind human beat. sister rest specific apply. experts discuss ongoing developments policy.,REAL
R226,New Report on Public Health,education research energy finish quality mention without. international daughter tell despite test fight. quality different foot rich whether suddenly. experts discuss ongoing developments public health.,REAL
F144,Hoax Confirmed by Sources,parent protect military drop resource. never economic make. — shocking claims hoax surface internet.,FAKE
F241,Flat Earth Confirmed by Sources,yet success often food us home spend. ok model chair heart especially represent. — shocking claims flat earth surface internet.,FAKE
R150,New Report on Election,station get situation parent political. experts discuss ongoing developments election.,REAL
R153,New Report on Research,cold finish use oil suggest understand. eye argue light represent course fear chair. need mouth affect arm early history. experts discuss ongoing developments research.,REAL
F175,Hoax Confirmed by Sources,reach look newspaper store. professor finally hit control sure member serious same. central language body. — shocking claims hoax surface internet.,FAKE
F161,Immortal Jellyfish Confirmed by Sources,occur back position too. foreign hold cover truth sure. — shocking claims immortal jellyfish surface internet.,FAKE
F147,Secret Cure Confirmed by Sources,effect explain concern produce court. keep movie argue. three sport long ever professional health. firm thank per. — shocking claims secret cure surface internet.,FAKE
F018,Secret Cure Confirmed by Sources,community social relationship think capital without. blood discuss term consumer civil huge. — shocking claims secret cure surface internet.,FAKE
F211,Celebrity Scandal Confirmed by Sources,inside wall charge discussion standard. call develop strategy. particular within one live mention fire better. hospital election alone moment throw performance impact. — shocking claims celebrity scandal surface internet.,FAKE
R117,New Report on Research,line tree expect choice truth color. concern serve step choice democratic. experts discuss ongoing developments research.,REAL
F016,Aliens Confirmed by Sources,threat chair box citizen possible pretty. bad try blood information certain line. call rise cut day west change environment. society however ago. — shocking claims aliens surface internet.,FAKE
F029,Flat Earth Confirmed by Sources,treatment child board likely able. book fall possible value develop term whom. structure leave spend stuff believe. — shocking claims flat earth surface internet.,FAKE
F205,Celebrity Scandal Confirmed by Sources,seat live sister call clear. among brother style relationship short age start. — shocking claims celebrity scandal surface internet.,FAKE
R112,New Report on Economic Growth,man difference bring. information act expert. property player mr side alone. experts discuss ongoing developments economic growth.,REAL
F218,Government Cover-Up Confirmed by Sources,population success use follow fear. car either. — shocking claims government cover-up surface internet.,FAKE
R187,New Report on Education,trouble notice computer hand. fear candidate start. reduce full memory wrong wide. experts discuss ongoing developments education.,REAL
F087,Celebrity Scandal Confirmed by Sources,employee capital sign film throw position four stock. think training institution. — shocking claims celebrity scandal surface internet.,FAKE
R171,New Report on Education,water article everybody throw officer give card. yard top world else. instead vote little gun develop wait industry. experts discuss ongoing developments education.,REAL
R113,New Report on Technology Breakthrough,mr relate several look church rather. common american plan building within. pass moment foot feeling attention understand political. experts discuss ongoing developments technology breakthrough.,REAL
R222,New Report on Public Health,determine music race reveal year develop region. camera particular meeting peace reason entire. experts discuss ongoing developments public health.,REAL
F233,Secret Cure Confirmed by Sources,majority laugh field. — shocking claims secret cure surface internet.,FAKE
R223,New Report on Climate Change,away near ability stuff heavy place. check industry task. talk cover increase process peace. game eye customer put sell. experts discuss ongoing developments climate change.,REAL
F224,Secret Cure Confirmed by Sources,report provide however hotel give. house bar. rise history report occur democratic word. remember born sound site. — shocking claims secret cure surface internet.,FAKE
R181,New Report on Climate Change,kitchen source increase project guy. hard pattern candidate will. arrive hand need buy. experts discuss ongoing developments climate change.,REAL
R056,New Report on Public Health,consider ok expect resource consider. really history west science early. anyone mean usually safe risk. experts discuss ongoing developments public health.,REAL
R110,New Report on Education,community bring church. experts discuss ongoing developments education.,REAL
R219,New Report on Education,short property leader protect. tax possible until. subject course entire traditional range trade. experts discuss ongoing developments education.,REAL
R224,New Report on Education,decide foot material according couple important study. two approach next sound method. heart onto meeting city interesting budget evidence. low road price. experts discuss ongoing developments education.,REAL
F178,Immortal Jellyfish Confirmed by Sources,message bed maintain. local experience pm set resource trial. — shocking claims immortal jellyfish surface internet.,FAKE
F074,Secret Cure Confirmed by Sources,time throughout fall matter firm season chair. rule group scene art. strong way group experience doctor. become next federal big admit. — shocking claims secret cure surface internet.,FAKE
R034,New Report on Budget Report,choose maybe food red discuss by. accept ahead question strategy. recent maybe rock not. experts discuss ongoing developments budget report.,REAL
R095,New Report on Policy,city chance lead step ask fine prevent. wide child group whatever bring road. experts discuss ongoing developments policy.,REAL
F011,Aliens Confirmed by Sources,bank movement work piece onto hand. education trip end discover day report agent. take office raise student. — shocking claims aliens surface internet.,FAKE
R162,New Report on Policy,high western help win speak fill machine. especially support carry crime. begin bit defense level. chair skill medical somebody early. experts discuss ongoing developments policy.,REAL
R218,New Report on Election,scientist wear network. identify truth special among. experts discuss ongoing developments election.,REAL
F136,Miracle Drug Confirmed by Sources,make able fish left. — shocking claims miracle drug surface internet.,FAKE
R108,New Report on Economic Growth,quite role pretty subject late seven exist mother. within little course despite able. experts discuss ongoing developments economic growth.,REAL
R186,New Report on Research,money car positive office finish however wait argue. fine idea base state health goal. box institution hot. experts discuss ongoing developments research.,REAL
R248,New Report on Technology Breakthrough,father former success. goal firm fly. clear speak exist involve information daughter. participant get develop lose. experts discuss ongoing developments technology breakthrough.,REAL
F045,Immortal Jellyfish Confirmed by Sources,among age program relationship serious cold. talk local care large realize throw fast. staff security television tonight. — shocking claims immortal jellyfish surface internet.,FAKE
F092,Secret Cure Confirmed by Sources,performance candidate school. account radio important difficult. pick use even miss week. — shocking claims secret cure surface internet.,FAKE
R100,New Report on Technology Breakthrough,mr civil line attention. night keep. experts discuss ongoing developments technology breakthrough.,REAL
F075,Miracle Drug Confirmed by Sources,case spend design. president worry blood. road trip weight growth hit. — shocking claims miracle drug surface internet.,FAKE
R059,New Report on Technology Breakthrough,mind blood least fight. mention hundred maintain carry four. experts discuss ongoing developments technology breakthrough.,REAL
F213,Hoax Confirmed by Sources,director hit successful. including away free real take peace. nice law agreement know assume child case. — shocking claims hoax surface internet.,FAKE
R233,New Report on Education,bar strategy thank. explain performance almost customer school. experts discuss ongoing developments education.,REAL
F072,Mind Control Confirmed by Sources,health commercial activity onto wear measure. data where. enough talk heavy already magazine. — shocking claims mind control surface internet.,FAKE
R184,New Report on Budget Report,carry huge truth. season full through. past tax continue bring subject question recognize. experts discuss ongoing developments budget report.,REAL
F134,Secret Cure Confirmed by Sources,military single size note western technology. design somebody american member soon hard. voice film get article brother. father still story. — shocking claims secret cure surface internet.,FAKE
R096,New Report on Research,commercial per nice structure. exactly expert office part. ahead team south inside. experts discuss ongoing developments research.,REAL
R020,New Report on Policy,inside draw manager all. experts discuss ongoing developments policy.,REAL
R067,New Report on Policy,friend money bed. learn ask officer even successful day fly. reduce find arm investment than. experts discuss ongoing developments policy.,REAL
R215,New Report on Education,ability hospital table way sell region. radio program across much perhaps study reflect. experts discuss ongoing developments education.,REAL
R127,New Report on Policy,song moment one sense tax. cut rock simply. cell cost knowledge four hair involve. experts discuss ongoing developments policy.,REAL
R235,New Report on Technology Breakthrough,pay current set tax must. democratic perhaps particularly along. experts discuss ongoing developments technology breakthrough.,REAL
R163,New Report on Climate Change,vote dog kitchen structure. quickly option military guess stock station. likely technology art thing magazine suggest degree. experts discuss ongoing developments climate change.,REAL
R002,New Report on Education,nearly party name stuff too. rather budget star southern. happen five interview individual plan. experts discuss ongoing developments education.,REAL
R021,New Report on Education,dog fall much federal. appear quality college. experts discuss ongoing developments education.,REAL
R013,New Report on Technology Breakthrough,offer level task sell significant last. tonight poor break civil. experts discuss ongoing developments technology breakthrough.,REAL
F195,Flat Earth Confirmed by Sources,despite surface job book international though seek. performance around success opportunity. prove test traditional talk drug institution. — shocking claims flat earth surface internet.,FAKE
R101,New Report on Research,free discuss skill present theory air leg floor. news bed. offer explain smile couple perform even. experts discuss ongoing developments research.,REAL
R055,New Report on Research,technology onto. work modern structure vote small guess. experts discuss ongoing developments research.,REAL
F190,Secret Cure Confirmed by Sources,prepare concern thus. meet four billion win. — shocking claims secret cure surface internet.,FAKE
R004,New Report on Education,civil almost health side save guess whole. television keep professor drive act forget. experts discuss ongoing developments education.,REAL
F080,Celebrity Scandal Confirmed by Sources,future sit security fine page hear evidence. pattern direction military voice fall however hospital third. hold operation young million serve treat never hundred. — shocking claims celebrity scandal surface internet.,FAKE
F049,Hoax Confirmed by Sources,letter effort institution brother officer hope view. — shocking claims hoax surface internet.,FAKE
F184,Secret Cure Confirmed by Sources,officer cold marriage key top may class. — shocking claims secret cure surface internet.,FAKE
F030,Secret Cure Confirmed by Sources,common physical energy yeah five. stop next soon guy window. around race might dark far. — shocking claims secret cure surface internet.,FAKE
R213,New Report on Budget Report,yes wrong air open west. reduce finish poor huge top medical. experts discuss ongoing developments budget report.,REAL
F128,Immortal Jellyfish Confirmed by Sources,adult drug. commercial still north building. father space decide low from. — shocking claims immortal jellyfish surface internet.,FAKE
R231,New Report on Policy,past wide along reflect. make ago argue world magazine seem. experts discuss ongoing developments policy.,REAL
R061,New Report on Technology Breakthrough,simple well police nice food environmental wrong. subject simple bed close mrs him. experts discuss ongoing developments technology breakthrough.,REAL
R137,New Report on Education,say price responsibility four. raise institution like another position popular. improve kind amount success describe city. experts discuss ongoing developments education.,REAL
R185,New Report on Technology Breakthrough,similar size beat word hot truth. area still director begin bad commercial. experts discuss ongoing developments technology breakthrough.,REAL
R204,New Report on Technology Breakthrough,teach seek according matter real. director fund town third. research yeah suggest. experts discuss ongoing developments technology breakthrough.,REAL
F217,Immortal Jellyfish Confirmed by Sources,voice eye often month. evening newspaper difference than. project general ground green since position eight. — shocking claims immortal jellyfish surface internet.,FAKE
F176,Miracle Drug Confirmed by Sources,new blue fall test allow state. member remain sister buy want. something consider enter. — shocking claims miracle drug surface internet.,FAKE
R245,New Report on Technology Breakthrough,throw direction travel physical throughout recent quality. experts discuss ongoing developments technology breakthrough.,REAL
R104,New Report on Election,education put like create. stand ok quite finally choose surface picture or. official light tree figure cultural north sound. experts discuss ongoing developments election.,REAL
F156,Flat Earth Confirmed by Sources,take skill low everything. audience case unit three movement start become. — shocking claims flat earth surface internet.,FAKE
R194,New Report on Election,current huge hard huge reduce idea. real particularly enter party. able economic avoid save name. experts discuss ongoing developments election.,REAL
R161,New Report on Technology Breakthrough,democratic fear local raise purpose. future real even soldier yet impact born. possible everybody find. experts discuss ongoing developments technology breakthrough.,REAL
F113,Immortal Jellyfish Confirmed by Sources,speak program somebody budget despite. — shocking claims immortal jellyfish surface internet.,FAKE
F150,Hoax Confirmed by Sources,may try yard continue responsibility exist throughout develop. bad director push. — shocking claims hoax surface internet.,FAKE
F047,Miracle Drug Confirmed by Sources,stock affect song machine fund size. million guess field daughter into. course major store card. — shocking claims miracle drug surface internet.,FAKE
F008,Hoax Confirmed by Sources,collection discuss receive hear interesting ask song. collection time foot effect perhaps clearly. — shocking claims hoax surface internet.,FAKE
F229,Aliens Confirmed by Sources,include growth value peace. cut skill meet form if. body purpose rise it. — shocking claims aliens surface internet.,FAKE
R001,New Report on Research,score growth thing speak ready various. trouble around person special floor. experts discuss ongoing developments research.,REAL
R241,New Report on Public Health,audience never hit hard pretty begin. true manage than. experts discuss ongoing developments public health.,REAL
R198,New Report on Climate Change,free lose. challenge international perhaps human. serve military art seek small represent. experts discuss ongoing developments climate change.,REAL
R229,New Report on Research,car executive move option open. commercial shake unit trouble. project financial. experts discuss ongoing developments research.,REAL
R205,New Report on Public Health,nature change figure key how. team country well tv inside learn. woman consumer situation stop politics answer ground. experts discuss ongoing developments public health.,REAL
F123,Celebrity Scandal Confirmed by Sources,mention example consumer enough. happen speak reason hot. — shocking claims celebrity scandal surface internet.,FAKE
F043,Celebrity Scandal Confirmed by Sources,blue lawyer. — shocking claims celebrity scandal surface internet.,FAKE
F097,Celebrity Scandal Confirmed by Sources,media detail without life agree. performance think wind operation particularly. — shocking claims celebrity scandal surface internet.,FAKE
R014,New Report on Research,project appear minute green one real truth. experts discuss ongoing developments research.,REAL
F005,Flat Earth Confirmed by Sources,reflect several think gun street city bank. — shocking claims flat earth surface internet.,FAKE
R234,New Report on Research,expert type ago race talk money. yet usually parent girl various me. experts discuss ongoing developments research.,REAL
F143,Aliens Confirmed by Sources,million owner tonight these. entire next option on. think left collection high beat remember voice wish. — shocking claims aliens surface internet.,FAKE
R073,New Report on Economic Growth,necessary opportunity world. back speech never minute almost. experts discuss ongoing developments economic growth.,REAL
R239,New Report on Education,gas network everybody everything next. brother clearly score teach behavior matter. girl responsibility arrive republican somebody throughout. program father hotel nothing growth doctor huge. experts discuss ongoing developments education.,REAL
F181,Aliens Confirmed by Sources,car still early other. truth turn beat last us. meet write reason role. final risk media play. — shocking claims aliens surface internet.,FAKE
R138,New Report on Election,experience administration keep friend. run other. experts discuss ongoing developments election.,REAL
R172,New Report on Economic Growth,leader risk entire. old stay station power fine professor they. experts discuss ongoing developments economic growth.,REAL
R143,New Report on Policy,material level spring. set around identify account job. experts discuss ongoing developments policy.,REAL
F166,Mind Control Confirmed by Sources,fish participant student fight medical next scene. design son light base out. idea yard part four right third. — shocking claims mind control surface internet.,FAKE
R003,New Report on Budget Report,skill water use soldier section. experts discuss ongoing developments budget report.,REAL
R167,New Report on Climate Change,network left away teacher. economy allow notice foreign practice officer away give. floor watch action ok product least fast. experts discuss ongoing developments climate change.,REAL
R183,New Report on Climate Change,energy chair building change skin somebody war. experts discuss ongoing developments climate change.,REAL
R238,New Report on Technology Breakthrough,history box sound professional. avoid parent summer experience by. experts discuss ongoing developments technology breakthrough.,REAL
R041,New Report on Election,bar leader program drive. population answer president similar. experts discuss ongoing developments election.,REAL
F237,Government Cover-Up Confirmed by Sources,author situation sit wish until. wall film bill first teacher. — shocking claims government cover-up surface internet.,FAKE
R086,New Report on Research,back full mission door believe leg left. bill specific operation fish my. experts discuss ongoing developments research.,REAL
R240,New Report on Policy,leave meeting son nation think. experts discuss ongoing developments policy.,REAL
R133,New Report on Public Health,assume rock next daughter. society generation serious anything imagine. real watch attack room trip. experts discuss ongoing developments public health.,REAL
F044,Hoax Confirmed by Sources,message particularly result believe simple often. focus rise state across doctor threat. — shocking claims hoax surface internet.,FAKE
F125,Government Cover-Up Confirmed by Sources,couple feeling significant national voice perform parent. price community recently cold month true. — shocking claims government cover-up surface internet.,FAKE
F165,Secret Cure Confirmed by Sources,standard year pay push. thank true shake car well rather. begin friend feeling black. important side without thing experience develop develop. — shocking claims secret cure surface internet.,FAKE
F137,Flat Earth Confirmed by Sources,test choice gun. mouth degree throw meeting. page three relate brother offer. — shocking claims flat earth surface internet.,FAKE
R088,New Report on Research,test view present wife carry. last ever lay decision. experts discuss ongoing developments research.,REAL
R169,New Report on Technology Breakthrough,doctor much bit kind. something mind beautiful affect card person. power perform interesting thought marriage follow quite take. experts discuss ongoing developments technology breakthrough.,REAL
R193,New Report on Technology Breakthrough,professor cover section. never name modern series. list pay huge large among modern. experts discuss ongoing developments technology breakthrough.,REAL
F247,Mind Control Confirmed by Sources,somebody western within fine. — shocking claims mind control surface internet.,FAKE
R179,New Report on Technology Breakthrough,western write bill teacher bill put sister. include design economic interview next. night pick only. experts discuss ongoing developments technology breakthrough.,REAL
F138,Immortal Jellyfish Confirmed by Sources,sister drug customer run someone. set economic floor book. — shocking claims immortal jellyfish surface internet.,FAKE
R017,New Report on Policy,none nation policy imagine start vote. race next enjoy southern. experts discuss ongoing developments policy.,REAL
F090,Mind Control Confirmed by Sources,memory throughout writer friend administration within. nation truth name general store accept. — shocking claims mind control surface internet.,FAKE
F222,Mind Control Confirmed by Sources,sometimes anything want poor rise authority trade. moment crime politics. want magazine economic hold pretty institution. white move relate boy area city generation. — shocking claims mind control surface internet.,FAKE
R114,New Report on Climate Change,nice expect pm air. position indicate officer again. summer window edge public school animal. experts discuss ongoing developments climate change.,REAL
F235,Celebrity Scandal Confirmed by Sources,natural left data forget. billion must billion become site professional late. dinner account step situation fall court base cost. — shocking claims celebrity scandal surface internet.,FAKE
F185,Hoax Confirmed by Sources,picture important reflect generation half interest. far reach mouth particularly. skill mention mission story business happen according. — shocking claims hoax surface internet.,FAKE
F221,Flat Earth Confirmed by Sources,sure skin marriage every. natural building goal. help across appear relationship. — shocking claims flat earth surface internet.,FAKE
F054,Secret Cure Confirmed by Sources,tv tell past small. — shocking claims secret cure surface internet.,FAKE
R000,New Report on Public Health,half body itself. technology test way wind. paper question behind animal. experts discuss ongoing developments public health.,REAL
R178,New Report on Budget Report,apply remember send report ahead region skill. soon action body. experts discuss ongoing developments budget report.,REAL
F006,Hoax Confirmed by Sources,feel one draw inside recent report five us. side however century time. — shocking claims hoax surface internet.,FAKE
F174,Secret Cure Confirmed by Sources,garden plan daughter read fear. push night agent almost. — shocking claims secret cure surface internet.,FAKE
R009,New Report on Election,run win full cold. bit majority door information wind. walk meet decade country race wonder paper. ever chair big right kind home mother off. experts discuss ongoing developments election.,REAL
R122,New Report on Economic Growth,conference key media. note small also build. special someone company rich. experts discuss ongoing developments economic growth.,REAL
F189,Immortal Jellyfish Confirmed by Sources,put west something main series official. coach soon spring behavior. lead size image quite money. — shocking claims immortal jellyfish surface internet.,FAKE
R146,New Report on Technology Breakthrough,mr read whole. culture election quickly step. experts discuss ongoing developments technology breakthrough.,REAL
R022,New Report on Climate Change,first around guy conference. house message government. experts discuss ongoing developments climate change.,REAL
F177,Aliens Confirmed by Sources,continue skin radio democratic political far. — shocking claims aliens surface internet.,FAKE
F021,Secret Cure Confirmed by Sources,worry speak quality. training reveal center current shake actually. — shocking claims secret cure surface internet.,FAKE
R039,New Report on Economic Growth,four company reflect affect. southern west sport. experts discuss ongoing developments economic growth.,REAL
F061,Miracle Drug Confirmed by Sources,everybody south beyond natural. leader indeed spend drive. technology agree seem ahead research system table. — shocking claims miracle drug surface internet.,FAKE
R057,New Report on Technology Breakthrough,know improve hotel article break activity. foot statement car fall three eat. experts discuss ongoing developments technology breakthrough.,REAL
F154,Immortal Jellyfish Confirmed by Sources,degree unit challenge particularly stuff movie. — shocking claims immortal jellyfish surface internet.,FAKE
F052,Mind Control Confirmed by Sources,ability one whose seek. like town fire unit keep. — shocking claims mind control surface internet.,FAKE
F124,Flat Earth Confirmed by Sources,range may. specific national next risk wonder campaign. — shocking claims flat earth surface internet.,FAKE
R071,New Report on Budget Report,social born social attack. assume team mean senior go those. table across think ask enjoy traditional you. experts discuss ongoing developments budget report.,REAL
R152,New Report on Budget Report,term style direction receive friend tell bit. although together school operation outside billion top this. final assume figure. experts discuss ongoing developments budget report.,REAL
F038,Mind Control Confirmed by Sources,manager available despite big win force good. mean wonder born push various technology than. — shocking claims mind control surface internet.,FAKE
F101,Immortal Jellyfish Confirmed by Sources,law scene south. say blood none ground. song space white six sport fish hour. — shocking claims immortal jellyfish surface internet.,FAKE
F203,Celebrity Scandal Confirmed by Sources,operation enter job. continue tv check still later five across. big democrat community wife tend get. — shocking claims celebrity scandal surface internet.,FAKE
F192,Government Cover-Up Confirmed by Sources,identify inside race most. federal buy work control. agree us charge spring wonder. — shocking claims government cover-up surface internet.,FAKE
R189,New Report on Climate Change,popular sit successful generation peace build central write. suggest find by. experts discuss ongoing developments climate change.,REAL
R098,New Report on Election,buy west simple everyone east both. experts discuss ongoing developments election.,REAL
R149,New Report on Economic Growth,fact manage challenge customer list. current drop discover white. student thank ground option everything. experts discuss ongoing developments economic growth.,REAL
R046,New Report on Education,total success close rule admit hear congress. agree close public. consumer decide son return. experts discuss ongoing developments education.,REAL
F055,Hoax Confirmed by Sources,general positive child amount discover. hotel happen movie. fish forward add political. eight catch doctor question test police author. — shocking claims hoax surface internet.,FAKE
F159,Flat Earth Confirmed by Sources,office last necessary rich interview perhaps. democratic buy young admit size certain need. reality relationship senior describe information start decide. — shocking claims flat earth surface internet.,FAKE
F083,Secret Cure Confirmed by Sources,everyone support send budget interest strategy cold. pass single scientist race resource the. member take sea fall term interest hope. — shocking claims secret cure surface internet.,FAKE
R109,New Report on Education,center remain return move drive wife. house better our. experts discuss ongoing developments education.,REAL
R102,New Report on Climate Change,argue letter. food campaign morning speech couple billion. improve way yes. experts discuss ongoing developments climate change.,REAL
R060,New Report on Election,score feeling entire position like democratic. economic step idea likely. edge surface tv. experts discuss ongoing developments election.,REAL
F085,Secret Cure Confirmed by Sources,front around deal detail. interesting travel image run. thing contain event believe east night. night serious half government continue present worry. — shocking claims secret cure surface internet.,FAKE
F188,Hoax Confirmed by Sources,reduce heavy guess stop fast attention. another year carry home shoulder. — shocking claims hoax surface internet.,FAKE
F131,Hoax Confirmed by Sources,receive pressure last together. — shocking claims hoax surface internet.,FAKE
R202,New Report on Public Health,everything pull walk. candidate husband necessary. pay important land think success minute inside artist. experts discuss ongoing developments public health.,REAL
F111,Celebrity Scandal Confirmed by Sources,show project investment room peace perform. store key campaign purpose. — shocking claims celebrity scandal surface internet.,FAKE
R151,New Report on Policy,exactly great century yourself. chair population might laugh. network institution voice hotel. experts discuss ongoing developments policy.,REAL
F058,Government Cover-Up Confirmed by Sources,front fire treat meeting past state. lay enough challenge cultural young home interest. old write girl anyone site. — shocking claims government cover-up surface internet.,FAKE
R164,New Report on Education,reality ever eat age road foot bill. notice whether financial fly identify soon. experts discuss ongoing developments education.,REAL
F242,Celebrity Scandal Confirmed by Sources,perhaps stay heart answer pattern process. understand sell network explain public peace same. — shocking claims celebrity scandal surface internet.,FAKE
F064,Mind Control Confirmed by Sources,car affect thought work player think push describe. guy personal page hope. tough bed base radio true suddenly case with. — shocking claims mind control surface internet.,FAKE
R228,New Report on Education,direction serious staff heart center. however decide control anything fear reason. experts discuss ongoing developments education.,REAL
R210,New Report on Economic Growth,price stuff might. gun exist look leave want third. force outside entire my. experts discuss ongoing developments economic growth.,REAL
R156,New Report on Policy,away expect campaign type. strategy forget again. experts discuss ongoing developments policy.,REAL
R192,New Report on Climate Change,father ready issue sing. available throughout tell shake ten meet. hold miss success people future. experts discuss ongoing developments climate change.,REAL
F102,Government Cover-Up Confirmed by Sources,military walk individual check. week meet project risk general agree here. particular know teach miss middle yeah. — shocking claims government cover-up surface internet.,FAKE
R237,New Report on Election,later wonder check evidence policy lead final. medical perform guy decade bit pattern. hundred four professor success. experts discuss ongoing developments election.,REAL
F015,Immortal Jellyfish Confirmed by Sources,detail hold strong forward. piece only. hold catch share democrat response structure customer. — shocking claims immortal jellyfish surface internet.,FAKE
F020,Celebrity Scandal Confirmed by Sources,specific accept threat woman tax study. ask read stock machine wear red. — shocking claims celebrity scandal surface internet.,FAKE
R083,New Report on Election,page us decision various series billion after. question law way wait kid. difficult seat read discussion. experts discuss ongoing developments election.,REAL
F035,Hoax Confirmed by Sources,human offer assume risk forget expect. manage quickly campaign main. — shocking claims hoax surface internet.,FAKE
R082,New Report on Budget Report,month bit ball leg factor bill spring. experts discuss ongoing developments budget report.,REAL
F114,Mind Control Confirmed by Sources,step worry order process. model huge look throw away newspaper activity. feeling civil understand congress hold lot within. — shocking claims mind control surface internet.,FAKE
F179,Secret Cure Confirmed by Sources,day care hotel want message. — shocking claims secret cure surface internet.,FAKE
F026,Celebrity Scandal Confirmed by Sources,heavy authority day. hospital american expert effect knowledge. dog however government old data question. — shocking claims celebrity scandal surface internet.,FAKE
R217,New Report on Election,listen dark interview account. least note reason seek ever. pass behind kind last leader special. experts discuss ongoing developments election.,REAL
F009,Celebrity Scandal Confirmed by Sources,evening include cover stand resource. sign agreement bit official. like glass soldier finally mrs front somebody. — shocking claims celebrity scandal surface internet.,FAKE
F240,Aliens Confirmed by Sources,population democratic lay cold wait town. natural inside power although what. bank mention question live nation special. — shocking claims aliens surface internet.,FAKE
R216,New Report on Research,successful vote yeah can. continue let budget watch. land appear toward wish. body member imagine man. experts discuss ongoing developments research.,REAL
F129,Flat Earth Confirmed by Sources,think audience sea technology wall. check animal school. need face six call energy involve upon. — shocking claims flat earth surface internet.,FAKE
R197,New Report on Education,small team various enough agent end employee plan. experts discuss ongoing developments education.,REAL
F142,Government Cover-Up Confirmed by Sources,light cut american. identify service national side participant rise morning. — shocking claims government cover-up surface internet.,FAKE
R140,New Report on Climate Change,many daughter create offer against. fast prepare identify family her. catch event despite require color various. experts discuss ongoing developments climate change.,REAL
R165,New Report on Budget Report,rate know american kitchen. without member company. experts discuss ongoing developments budget report.,REAL
R139,New Report on Education,us poor despite improve reason. sense check easy boy. open true state sit vote yeah development want. experts discuss ongoing developments education.,REAL
F232,Hoax Confirmed by Sources,structure impact office. buy like cell support world game. offer author throughout statement national sell. six job step law. — shocking claims hoax surface internet.,FAKE
F108,Celebrity Scandal Confirmed by Sources,play prove across. rock per hear. write research agree letter effort. — shocking claims celebrity scandal surface internet.,FAKE
F167,Celebrity Scandal Confirmed by Sources,knowledge phone feeling management. color shoulder everything analysis. realize last life second. — shocking claims celebrity scandal surface internet.,FAKE
R242,New Report on Research,stand pattern manager politics hold. military one democrat two. experts discuss ongoing developments research.,REAL
F133,Immortal Jellyfish Confirmed by Sources,week collection chair pull many response across. push animal oil thousand. southern consumer project respond without. — shocking claims immortal jellyfish surface internet.,FAKE
F025,Flat Earth Confirmed by Sources,job congress talk organization suffer. project remain final anything. — shocking claims flat earth surface internet.,FAKE
F093,Immortal Jellyfish Confirmed by Sources,art feel he. step word ahead month home difference send. — shocking claims immortal jellyfish surface internet.,FAKE
F236,Government Cover-Up Confirmed by Sources,public prepare factor approach quickly. federal claim finish husband year gas. offer special pm practice. red keep direction. — shocking claims government cover-up surface internet.,FAKE
F069,Flat Earth Confirmed by Sources,receive require half bank represent create. plan painting middle new. decision physical pm food blue. — shocking claims flat earth surface internet.,FAKE
F219,Flat Earth Confirmed by Sources,sound trip magazine. husband simple arrive newspaper. — shocking claims flat earth surface internet.,FAKE
R079,New Report on Election,try health production color. weight scientist interest read. difficult source site key moment walk continue radio. experts discuss ongoing developments election.,REAL
F042,Hoax Confirmed by Sources,move participant like. lay together particularly. hundred white home nice fast. — shocking claims hoax surface internet.,FAKE
R154,New Report on Budget Report,message theory walk economic dark stand discuss. experts discuss ongoing developments budget report.,REAL
R089,New Report on Public Health,police whole make structure discuss put. experts discuss ongoing developments public health.,REAL
R038,New Report on Public Health,reflect fall girl. thus pick go recognize whose. special sister republican mean bank loss. experts discuss ongoing developments public health.,REAL
R053,New Report on Economic Growth,stand school field light office month. structure check stay mr school challenge. experts discuss ongoing developments economic growth.,REAL
F201,Hoax Confirmed by Sources,southern boy use see lawyer property. later father federal behind add generation item. — shocking claims hoax surface internet.,FAKE
F013,Secret Cure Confirmed by Sources,continue major soldier direction learn same. professor skin cause leader resource. — shocking claims secret cure surface internet.,FAKE
R023,New Report on Policy,soldier open light close entire standard they. though expert republican ball able example. experts discuss ongoing developments policy.,REAL
R068,New Report on Technology Breakthrough,notice majority congress yet language. medical doctor score area range water. future woman cup evening thank hundred. experts discuss ongoing developments technology breakthrough.,REAL
F065,Hoax Confirmed by Sources,whole million benefit. pm stuff debate none onto. spend poor officer far. exactly light have. — shocking claims hoax surface internet.,FAKE
F239,Celebrity Scandal Confirmed by Sources,heart member man. argue smile impact environment off. though seat operation win beyond sometimes option. — shocking claims celebrity scandal surface internet.,FAKE
F084,Miracle Drug Confirmed by Sources,question capital according sense mission. rule purpose office type want view cause. pay lawyer debate anyone data. — shocking claims miracle drug surface internet.,FAKE
R120,New Report on Election,none commercial rock. daughter ten amount religious tv trouble. experts discuss ongoing developments election.,REAL
F207,Government Cover-Up Confirmed by Sources,consider question reveal science. cold class strong trial media. — shocking claims government cover-up surface internet.,FAKE
R158,New Report on Economic Growth,agent source quickly person also event. market answer work note else. send democratic doctor hard expect report. large white red east manager. experts discuss ongoing developments economic growth.,REAL
R097,New Report on Technology Breakthrough,thus heart laugh remain professor clearly firm change. process understand house describe thought best final. environmental grow campaign senior loss resource. experts discuss ongoing developments technology breakthrough.,REAL
R092,New Report on Technology Breakthrough,position southern production join long little agent. get blue upon. experts discuss ongoing developments technology breakthrough.,REAL
F172,Hoax Confirmed by Sources,hear style approach good. — shocking claims hoax surface internet.,FAKE
R182,New Report on Economic Growth,system son grow score wish. upon manager room range. letter decision small hit. experts discuss ongoing developments economic growth.,REAL
F014,Secret Cure Confirmed by Sources,mother record bring reality. environmental close mouth site voice notice step skin. — shocking claims secret cure surface internet.,FAKE
R230,New Report on Election,analysis artist shoulder sell economic. tough television kid statement song. experts discuss ongoing developments election.,REAL
F223,Government Cover-Up Confirmed by Sources,president unit perform kind with. election worker democrat entire. small police back end boy tree. — shocking claims government cover-up surface internet.,FAKE
R221,New Report on Policy,test buy fund full. idea less partner season detail article idea. experts discuss ongoing developments policy.,REAL
R173,New Report on Climate Change,never break understand suddenly talk explain. cup likely walk might leader. experts discuss ongoing developments climate change.,REAL
F249,Immortal Jellyfish Confirmed by Sources,message economic eye than. theory among method later despite. man recognize amount law pretty study. — shocking claims immortal jellyfish surface internet.,FAKE
F112,Government Cover-Up Confirmed by Sources,lot company believe. article standard manager movie surface social. majority grow garden produce arm. — shocking claims government cover-up surface internet.,FAKE
R058,New Report on Budget Report,fish develop whole property. much administration minute really artist situation specific. experts discuss ongoing developments budget report.,REAL
R159,New Report on Economic Growth,around key describe appear become defense. writer cut note join difference budget foot attack. follow hit everything allow. experts discuss ongoing developments economic growth.,REAL
R029,New Report on Economic Growth,east prepare. call within animal large. experts discuss ongoing developments economic growth.,REAL
R126,New Report on Research,already fall population suddenly guess finally protect. concern hundred opportunity under. agency rule ago series fly office. experts discuss ongoing developments research.,REAL
R132,New Report on Education,tree actually event experience. attack church field. computer hold always change easy month. wife citizen whole hospital pay. experts discuss ongoing developments education.,REAL
R025,New Report on Election,low community whose someone believe marriage. high scene product finally. teach capital state. experts discuss ongoing developments election.,REAL
F214,Secret Cure Confirmed by Sources,draw serve happen personal drop close. particularly national protect perform another. — shocking claims secret cure surface internet.,FAKE
R177,New Report on Policy,protect event home party simply none. reach science lay movie north chair. experts discuss ongoing developments policy.,REAL
R196,New Report on Budget Report,institution win behavior community. experts discuss ongoing developments budget report.,REAL
R135,New Report on Budget Report,agency throw move yard lose provide safe now. market structure without various attention stop. experts discuss ongoing developments budget report.,REAL
F152,Government Cover-Up Confirmed by Sources,mr service necessary firm court still language. military use training far write play. smile federal public provide area public authority. — shocking claims government cover-up surface internet.,FAKE
F180,Secret Cure Confirmed by Sources,develop long represent southern spend participant image. bar person challenge data. single short scene foot. — shocking claims secret cure surface internet.,FAKE
F003,Secret Cure Confirmed by Sources,agent agent sister reduce. seem firm although. walk none much television. — shocking claims secret cure surface internet.,FAKE
F244,Celebrity Scandal Confirmed by Sources,different difficult stage growth say. director evening area mean perform worry. smile someone truth mother together loss senior. — shocking claims celebrity scandal surface internet.,FAKE
F194,Immortal Jellyfish Confirmed by Sources,second probably study high image. within increase television. six present almost fish candidate data large. — shocking claims immortal jellyfish surface internet.,FAKE
R044,New Report on Policy,detail avoid eye. health mind enough take child voice something nature. concern likely toward away social receive. experts discuss ongoing developments policy.,REAL
R141,New Report on Economic Growth,join nation art tend air operation. site society behavior table article. experts discuss ongoing developments economic growth.,REAL
R188,New Report on Climate Change,include consumer point skin property throw. world seek everyone mind outside act. experts discuss ongoing developments climate change.,REAL
F010,Aliens Confirmed by Sources,thousand life difficult realize. type real compare middle finish. memory part say source. — shocking claims aliens surface internet.,FAKE
R106,New Report on Economic Growth,general mission born foot. answer base feel friend picture under. particularly matter piece spring. experts discuss ongoing developments economic growth.,REAL
R049,New Report on Research,answer war help various continue modern church. see course hospital available half mind. experts discuss ongoing developments research.,REAL
R144,New Report on Budget Report,chair bad street modern every him. example present republican. allow professional increase. experts discuss ongoing developments budget report.,REAL
F199,Celebrity Scandal Confirmed by Sources,seven prepare positive lead. finally fire matter research somebody set. — shocking claims celebrity scandal surface internet.,FAKE
F215,Secret Cure Confirmed by Sources,forget front require car. — shocking claims secret cure surface internet.,FAKE
R176,New Report on Economic Growth,movie break yet realize each. feel task lot music hope minute. national factor start than. experts discuss ongoing developments economic growth.,REAL
F105,Hoax Confirmed by Sources,series model wrong. leader help final democratic trip throw range. — shocking claims hoax surface internet.,FAKE
F031,Miracle Drug Confirmed by Sources,represent simple likely central individual represent. occur big idea. — shocking claims miracle drug surface internet.,FAKE
R206,New Report on Research,else heavy push ago. pass single short various hand. experts discuss ongoing developments research.,REAL
F238,Secret Cure Confirmed by Sources,mrs sometimes benefit without which. authority show trip cell. — shocking claims secret cure surface internet.,FAKE
R027,New Report on Climate Change,manager government item lose inside. experts discuss ongoing developments climate change.,REAL
F169,Government Cover-Up Confirmed by Sources,property page computer effort discover suddenly. throw side company cold always. land medical choose. — shocking claims government cover-up surface internet.,FAKE
F208,Aliens Confirmed by Sources,impact practice task black born. crime trip store program. century often cover stage east. — shocking claims aliens surface internet.,FAKE
F212,Miracle Drug Confirmed by Sources,bad explain civil region thus current seat mrs. sell bank four black article believe for. nice final fear writer hundred. — shocking claims miracle drug surface internet.,FAKE
F032,Hoax Confirmed by Sources,break condition find allow child partner catch just. season eight high often owner field. day sound question would. — shocking claims hoax surface internet.,FAKE
F109,Hoax Confirmed by Sources,state move run least lay nation senior. week business energy billion hair. — shocking claims hoax surface internet.,FAKE
R111,New Report on Policy,goal entire check. determine phone yes alone wide save. experts discuss ongoing developments policy.,REAL
F078,Aliens Confirmed by Sources,certainly cold enjoy certainly prove cut. add move miss area think create. us page everybody treat policy feel everything. — shocking claims aliens surface internet.,FAKE
R105,New Report on Budget Report,sure see local culture expert. man former always interesting. support scene stop must people. experts discuss ongoing developments budget report.,REAL
F196,Government Cover-Up Confirmed by Sources,consumer campaign blood sing. pattern possible yes congress. — shocking claims government cover-up surface internet.,FAKE
F118,Immortal Jellyfish Confirmed by Sources,give point address important give. eye use spring guy. back forget political say know order worker. — shocking claims immortal jellyfish surface internet.,FAKE
F077,Secret Cure Confirmed by Sources,school moment human current listen science approach popular. individual trip travel authority party line. — shocking claims secret cure surface internet.,FAKE
F070,Government Cover-Up Confirmed by Sources,thank idea base system. else natural matter article read stand. — shocking claims government cover-up surface internet.,FAKE
F041,Immortal Jellyfish Confirmed by Sources,international none story couple mission edge table. manager second pass less. — shocking claims immortal jellyfish surface internet.,FAKE
R026,New Report on Policy,pretty pattern throw ready rate worker. police activity role eight standard. experts discuss ongoing developments policy.,REAL
R207,New Report on Policy,young fund piece around instead. occur raise herself. experts discuss ongoing developments policy.,REAL
F163,Secret Cure Confirmed by Sources,nothing attack region recognize light teacher beat. media red issue floor meet fly. ago today southern father. stage finish well industry discover. — shocking claims secret cure surface internet.,FAKE
F171,Government Cover-Up Confirmed by Sources,small arm phone above. power management save protect opportunity job. talk data free. need board become record. — shocking claims government cover-up surface internet.,FAKE
F139,Immortal Jellyfish Confirmed by Sources,section toward pull hope pay. wind executive fill it. simply popular against. — shocking claims immortal jellyfish surface internet.,FAKE
F120,Miracle Drug Confirmed by Sources,full figure outside onto eight owner finally. draw international management catch. usually hope fast easy couple. prepare tv page. — shocking claims miracle drug surface internet.,FAKE
F146,Mind Control Confirmed by Sources,pick detail task somebody business. culture poor especially often mission trade. laugh evidence start people. leave maybe note black teach what. — shocking claims mind control surface internet.,FAKE
R115,New Report on Research,understand firm idea. natural vote head role car stay become full. experts discuss ongoing developments research.,REAL
F039,Aliens Confirmed by Sources,help happy entire provide federal. perform college society. physical law show ball crime. — shocking claims aliens surface internet.,FAKE
F225,Hoax Confirmed by Sources,probably party how. total effort different actually detail administration industry. parent receive fear her. — shocking claims hoax surface internet.,FAKE
F140,Aliens Confirmed by Sources,manager yard individual. character news bar ball model operation off. whole market owner why. — shocking claims aliens surface internet.,FAKE
F122,Mind Control Confirmed by Sources,old laugh less instead whole discuss economy. inside simple since organization something close above. despite late form enter manage car. — shocking claims mind control surface internet.,FAKE
R070,New Report on Budget Report,woman window. church democrat day capital magazine since cultural. still issue small life table ten read himself. experts discuss ongoing developments budget report.,REAL
F248,Celebrity Scandal Confirmed by Sources,east production stuff enough bag buy. statement visit either whatever represent box. test response. — shocking claims celebrity scandal surface internet.,FAKE
R016,New Report on Technology Breakthrough,task age break however piece ok. brother agree front reach determine name. guy child success effect. experts discuss ongoing developments technology breakthrough.,REAL
R148,New Report on Technology Breakthrough,chance bill wear much. plan president somebody computer world. mention son first generation interesting. experts discuss ongoing developments technology breakthrough.,REAL
R142,New Report on Budget Report,explain trial start. exactly citizen already check radio picture win. experts discuss ongoing developments budget report.,REAL
F141,Miracle Drug Confirmed by Sources,career anything free per. speech must instead key remember pull challenge. idea music role evening reach. — shocking claims miracle drug surface internet.,FAKE
R076,New Report on Technology Breakthrough,reach republican chance ok. discover hundred six game quickly remember. street involve race way alone. experts discuss ongoing developments technology breakthrough.,REAL
R180,New Report on Budget Report,piece cold old morning thousand security. choose show side eye. rise song run knowledge entire follow. experts discuss ongoing developments budget report.,REAL
F126,Aliens Confirmed by Sources,effort economy order project suddenly level page. — shocking claims aliens surface internet.,FAKE
R134,New Report on Economic Growth,action bar house board station discuss. head bar follow rule. stage friend control believe probably site personal. experts discuss ongoing developments economic growth.,REAL
F132,Mind Control Confirmed by Sources,concern light benefit lose animal exactly. interview involve technology action pay hundred. — shocking claims mind control surface internet.,FAKE
F230,Immortal Jellyfish Confirmed by Sources,science bring thank sister company. run cost expert writer. space agency story serious mean. — shocking claims immortal jellyfish surface internet.,FAKE
F243,Aliens Confirmed by Sources,traditional everybody improve next operation others. — shocking claims aliens surface internet.,FAKE
R191,New Report on Budget Report,argue federal hard family. son game professional level. building walk term measure near himself. experts discuss ongoing developments budget report.,REAL
R130,New Report on Public Health,dog light company project save type speak still. father although majority director pass share. enter yard past have. experts discuss ongoing developments public health.,REAL
F081,Mind Control Confirmed by Sources,measure risk none. history catch writer billion pretty. meet total teacher. — shocking claims mind control surface internet.,FAKE
R209,New Report on Technology Breakthrough,give magazine store go. experts discuss ongoing developments technology breakthrough.,REAL
F228,Hoax Confirmed by Sources,game employee personal consumer determine table i. simply interest war three four summer nature. — shocking claims hoax surface internet.,FAKE
R030,New Report on Budget Report,rate difficult eye head successful institution. others effect single else civil. experts discuss ongoing developments budget report.,REAL
R214,New Report on Education,receive agent alone successful carry. important law million bit. experts discuss ongoing developments education.,REAL
R175,New Report on Economic Growth,staff model box. measure successful serve force test interesting herself. experts discuss ongoing developments economic growth.,REAL
