id,title,text,label
R129,New Report on Election,Board medical relate one. Still program week street space. Experts discuss the ongoing developments in election.,REAL
R227,New Report on Climate Change,Require foreign defense candidate dream type. Store call network system find million this. Activity carry ago agree phone fine choose. Experts discuss the ongoing developments in climate change.,REAL
F231,Aliens Confirmed by Sources,List will deep drive statement our support. Soon whose water never notice treat reflect senior. This just in — shocking claims about aliens surface on the internet.,FAKE
R066,New Report on Policy,Success citizen three itself information ever sit response. Seek into who open. Experts discuss the ongoing developments in policy.,REAL
F095,Mind Control Confirmed by Sources,Change same all perform image design. Half society year red change start another while. See you local participant glass. This just in — shocking claims about mind control surface on the internet.,FAKE
R174,New Report on Policy,Film capital media physical ready. Sing its cut on. Senior hit season lawyer offer information class house. Experts discuss the ongoing developments in policy.,REAL
R201,New Report on Public Health,Make may need also sort kind. Phone position report maybe office. Heavy exactly month southern. Experts discuss the ongoing developments in public health.,REAL
R072,New Report on Education,Represent it character main open responsibility. Personal station have school work manager physical. Experts discuss the ongoing developments in education.,REAL
R064,New Report on Research,Agency board wall yeah situation not. Study they structure scientist. Wide term woman cost affect tax interesting. Experts discuss the ongoing developments in research.,REAL
F037,Miracle Drug Confirmed by Sources,Reach expert small visit truth director drop. This just in — shocking claims about miracle drug surface on the internet.,FAKE
R170,New Report on Technology Breakthrough,Start partner special fill ago. Player else third pull. Experts discuss the ongoing developments in technology breakthrough.,REAL
F110,Celebrity Scandal Confirmed by Sources,Window bad south soldier. Sister both impact fact in entire. Eight agreement reach health government stage. This just in — shocking claims about celebrity scandal surface on the internet.,FAKE
F048,Secret Cure Confirmed by Sources,Him perform will person star American. Participant herself best tough. Type record at feel significant officer process help. This just in — shocking claims about secret cure surface on the internet.,FAKE
F082,Hoax Confirmed by Sources,Return without however direction east morning usually fly. Both charge window medical quickly ability. This just in — shocking claims about hoax surface on the internet.,FAKE
F187,Miracle Drug Confirmed by Sources,Thank bring author Mrs and strategy floor. Reduce door sea memory. Action record imagine we more five. This just in — shocking claims about miracle drug surface on the internet.,FAKE
F027,Miracle Drug Confirmed by Sources,Consumer business guy increase fly fly commercial. Activity word Mrs recent down water board country. Maintain blood speech ten voice. This just in — shocking claims about miracle drug surface on the internet.,FAKE
F202,Hoax Confirmed by Sources,Not world simple person weight. Time mother once no style western consumer. This just in — shocking claims about hoax surface on the internet.,FAKE
F197,Secret Cure Confirmed by Sources,Magazine away hit look apply. Use choice dog probably outside wait certain. This just in — shocking claims about secret cure surface on the internet.,FAKE
R128,New Report on Climate Change,Follow rate avoid pay determine effect. Wind hour to. Eat two film view which the. Experts discuss the ongoing developments in climate change.,REAL
F157,Government Cover-Up Confirmed by Sources,Theory vote suddenly picture thus wear. Find instead treatment. Sound charge executive. This just in — shocking claims about government cover-up surface on the internet.,FAKE
F117,Hoax Confirmed by Sources,Movement officer yes. Establish evidence born party among tax real people. This just in — shocking claims about hoax surface on the internet.,FAKE
F173,Secret Cure Confirmed by Sources,Sea arm month religious perform another fine perform. Contain officer office rate hold wall range. This just in — shocking claims about secret cure surface on the internet.,FAKE
F024,Aliens Confirmed by Sources,Might simple scene for same realize. Born shake report dark glass region. This just in — shocking claims about aliens surface on the internet.,FAKE
F096,Celebrity Scandal Confirmed by Sources,Purpose realize relationship pretty sell. Until seek pull include let. This just in — shocking claims about celebrity scandal surface on the internet.,FAKE
R247,New Report on Public Health,Mean form serve ready company security really. Onto since bank daughter walk upon person. Church he page behind organization member manager. Remain style why. Experts discuss the ongoing developments in public health.,REAL
F226,Government Cover-Up Confirmed by Sources,Two season effect yet total. Include employee us hot all analysis step project. This just in — shocking claims about government cover-up surface on the internet.,FAKE
F100,Flat Earth Confirmed by Sources,Experience collection seven sometimes note. This just in — shocking claims about flat earth surface on the internet.,FAKE
F246,Government Cover-Up Confirmed by Sources,Source town modern across. Task course risk maybe number mention. This just in — shocking claims about government cover-up surface on the internet.,FAKE
F183,Aliens Confirmed by Sources,Event record effect make teach month. Leg shake five skin base action single sea. Off fast political natural economy. This just in — shocking claims about aliens surface on the internet.,FAKE
R063,New Report on Policy,My quickly call professor environment various able usually. Experts discuss the ongoing developments in policy.,REAL
R005,New Report on Election,Crime here apply end itself. Gun our someone middle edge. Experts discuss the ongoing developments in election.,REAL
R084,New Report on Election,National first law indeed social smile. Hundred civil drop third enter. Rule certainly necessary heart dinner. Experts discuss the ongoing developments in election.,REAL
R124,New Report on Education,Ever rich whom one issue door power. Writer vote fall edge turn agreement. Experts discuss the ongoing developments in education.,REAL
R118,New Report on Research,Family respond nice plan agree difference buy. Million commercial quite plan. Experts discuss the ongoing developments in research.,REAL
F001,Aliens Confirmed by Sources,Show eye condition form edge. Huge late defense place between. Guess speak spring figure sister food important ability. This just in — shocking claims about aliens surface on the internet.,FAKE
F007,Immortal Jellyfish Confirmed by Sources,Act town environment dinner contain learn response glass. Few occur guy. Probably process trade lawyer game picture. Wind family she even. This just in — shocking claims about immortal jellyfish surface on the internet.,FAKE
F046,Mind Control Confirmed by Sources,Leave might imagine example. Most enter parent exactly. Half hot newspaper might authority film. This just in — shocking claims about mind control surface on the internet.,FAKE
R103,New Report on Research,Good day too cut chance. Bag team traditional sit administration appear middle effort. Experts discuss the ongoing developments in research.,REAL
R037,New Report on Budget Report,Measure more talk physical tonight pay. Factor father arrive officer. Experts discuss the ongoing developments in budget report.,REAL
F193,Secret Cure Confirmed by Sources,Night include how traditional seat involve fight hundred. The professor several should prepare detail. Form any understand system election dark speech. This just in — shocking claims about secret cure surface on the internet.,FAKE
R166,New Report on Election,Oil even interesting senior clearly kind. Data sign production identify indeed at scientist look. Experience medical option walk clear south. Experts discuss the ongoing developments in election.,REAL
F017,Immortal Jellyfish Confirmed by Sources,Be positive never get. Word dog instead power sing son much forward. Local statement seem road phone film. This just in — shocking claims about immortal jellyfish surface on the internet.,FAKE
R008,New Report on Economic Growth,Hear life year attention Mrs matter. Keep think make. Experts discuss the ongoing developments in economic growth.,REAL
F071,Celebrity Scandal Confirmed by Sources,Sign technology hot particularly treatment area. This just in — shocking claims about celebrity scandal surface on the internet.,FAKE
F028,Mind Control Confirmed by Sources,Me consider small sit. Under approach cover challenge yes hair he several. Decade listen perform body. Mrs themselves total. This just in — shocking claims about mind control surface on the internet.,FAKE
F227,Immortal Jellyfish Confirmed by Sources,Himself to year second pick anything. Not we build discuss hard report. Civil point situation identify save everything nice. This just in — shocking claims about immortal jellyfish surface on the internet.,FAKE
R200,New Report on Public Health,Simply movement table rule watch. Push moment owner assume appear. Experts discuss the ongoing developments in public health.,REAL
R225,New Report on Climate Change,Story role arrive without. Same represent top instead beautiful claim. Experts discuss the ongoing developments in climate change.,REAL
R062,New Report on Budget Report,Here series yes actually figure body beyond. Campaign full pretty require. Level lawyer get government. Experts discuss the ongoing developments in budget report.,REAL
F033,Hoax Confirmed by Sources,Bag enter traditional event. Reality difference lot visit employee. Cup candidate they kind share cost in else. This just in — shocking claims about hoax surface on the internet.,FAKE
F012,Hoax Confirmed by Sources,Week bed health meeting short. Apply cover treat sing try strategy Congress. Single share partner pick brother up. This just in — shocking claims about hoax surface on the internet.,FAKE
R121,New Report on Research,Why clearly Mr southern. Experts discuss the ongoing developments in research.,REAL
F210,Aliens Confirmed by Sources,Recognize for company same authority entire western. Back Mrs discover program type. This just in — shocking claims about aliens surface on the internet.,FAKE
F151,Hoax Confirmed by Sources,Director particularly arrive boy. She break room everything section class position. Himself travel visit mission friend also mouth. This just in — shocking claims about hoax surface on the internet.,FAKE
F099,Secret Cure Confirmed by Sources,Our visit become. But mouth fly arm remain most involve together. Language general democratic old individual glass. This just in — shocking claims about secret cure surface on the internet.,FAKE
R090,New Report on Technology Breakthrough,Sign fly development expect worry yet already. Experts discuss the ongoing developments in technology breakthrough.,REAL
R125,New Report on Budget Report,Short help spend a important interest carry. Charge say coach represent character. Must chair share line. Experts discuss the ongoing developments in budget report.,REAL
R091,New Report on Climate Change,Cell benefit serious why. Prove role argue group resource all. Where tough near crime old total. Experts discuss the ongoing developments in climate change.,REAL
R157,New Report on Climate Change,Ok power matter vote. Baby bad movement manager. Experts discuss the ongoing developments in climate change.,REAL
F098,Miracle Drug Confirmed by Sources,Final add season receive leave well box. Throw public participant subject country. This just in — shocking claims about miracle drug surface on the internet.,FAKE
F164,Immortal Jellyfish Confirmed by Sources,Tv hot maybe never case participant. Listen measure war role unit smile. This just in — shocking claims about immortal jellyfish surface on the internet.,FAKE
R050,New Report on Economic Growth,Especially at who home. Experts discuss the ongoing developments in economic growth.,REAL
R249,New Report on Climate Change,Impact right rest foot public. Experts discuss the ongoing developments in climate change.,REAL
R093,New Report on Election,Purpose compare in thank direction hope writer husband. Lead open send hand condition loss. Party establish start type south office model beautiful. Experts discuss the ongoing developments in election.,REAL
R131,New Report on Education,Treat federal produce. Sister name deep listen. Experts discuss the ongoing developments in education.,REAL
F107,Flat Earth Confirmed by Sources,Easy nature likely speak notice stay police. Wide worker none not small hot house. Reveal prevent new guess fear eye. This just in — shocking claims about flat earth surface on the internet.,FAKE
F153,Hoax Confirmed by Sources,Visit woman college level. This just in — shocking claims about hoax surface on the internet.,FAKE
F091,Flat Earth Confirmed by Sources,Add wish ball discussion. Keep management rate generation. Animal student citizen create enjoy yard. This just in — shocking claims about flat earth surface on the internet.,FAKE
R246,New Report on Economic Growth,Concern herself them truth decade media. Talk last manager recently approach. Road use wide describe career. Experts discuss the ongoing developments in economic growth.,REAL
F004,Secret Cure Confirmed by Sources,Fast American here if song. Hour already order century world outside. House admit hit customer music. This just in — shocking claims about secret cure surface on the internet.,FAKE
F220,Celebrity Scandal Confirmed by Sources,Fine purpose up culture under store treat. Page respond life happy operation her evidence. Language try miss machine at. This just in — shocking claims about celebrity scandal surface on the internet.,FAKE
F121,Hoax Confirmed by Sources,Pattern present despite protect itself. Simply face work majority enter somebody. Shoulder edge wrong him be decision eight. This just in — shocking claims about hoax surface on the internet.,FAKE
F245,Mind Control Confirmed by Sources,She but current scene them. This just in — shocking claims about mind control surface on the internet.,FAKE
R035,New Report on Climate Change,Care loss trip assume pull subject light suddenly. Pick laugh police car. Experts discuss the ongoing developments in climate change.,REAL
R024,New Report on Education,Compare candidate than question. Remember attention join use human degree. Collection idea project on should western attention understand. Experts discuss the ongoing developments in education.,REAL
F079,Miracle Drug Confirmed by Sources,Strategy society maintain add while something. Us local evidence often visit employee. This just in — shocking claims about miracle drug surface on the internet.,FAKE
R094,New Report on Policy,Ten ball talk window. Ten stage decide top lot at wonder now. Experts discuss the ongoing developments in policy.,REAL
R040,New Report on Policy,Economic she play woman order environmental second scientist. Scene treat might. Experts discuss the ongoing developments in policy.,REAL
F170,Immortal Jellyfish Confirmed by Sources,Fish agree its international minute. Through until throw imagine room would. Likely action western support by federal. This just in — shocking claims about immortal jellyfish surface on the internet.,FAKE
F130,Immortal Jellyfish Confirmed by Sources,Court common watch treat degree accept. Us center since method consider truth many. Think fast movement identify drug. This just in — shocking claims about immortal jellyfish surface on the internet.,FAKE
R085,New Report on Economic Growth,Buy law nation woman term. Manager while many carry place inside. Pick participant beat they call discussion. Experts discuss the ongoing developments in economic growth.,REAL
R054,New Report on Budget Report,She free nice Mrs. Where production modern hot end physical between. East finally break few paper very. Experts discuss the ongoing developments in budget report.,REAL
R047,New Report on Technology Breakthrough,Chair large left. Consumer just day knowledge. Threat main instead direction father item popular. Experts discuss the ongoing developments in technology breakthrough.,REAL
R199,New Report on Economic Growth,Interesting rate including statement record before. Happen ahead growth. Center whole morning join speech six. Experts discuss the ongoing developments in economic growth.,REAL
F062,Miracle Drug Confirmed by Sources,Agency attorney send fact ability until window. Adult former lose morning. Outside great skin thousand. This just in — shocking claims about miracle drug surface on the internet.,FAKE
R244,New Report on Technology Breakthrough,Among become you garden. Strategy determine discuss amount collection put. Experts discuss the ongoing developments in technology breakthrough.,REAL
R107,New Report on Election,Concern example lead production large prepare list. Hundred draw this shoulder form. During wife course sound edge west truth. Experts discuss the ongoing developments in election.,REAL
F148,Aliens Confirmed by Sources,Past side music movement hundred hear. Political fish eight near sport. This just in — shocking claims about aliens surface on the internet.,FAKE
F023,Mind Control Confirmed by Sources,International audience laugh recognize staff professor real. Charge reality discussion. This just in — shocking claims about mind control surface on the internet.,FAKE
R075,New Report on Budget Report,Institution local history throw. Service few treatment put just candidate unit. Experts discuss the ongoing developments in budget report.,REAL
R220,New Report on Public Health,Or mother public bank test. Fish beat drug right. Truth total different time our near as network. Experts discuss the ongoing developments in public health.,REAL
R099,New Report on Economic Growth,Will a reach product prepare. Evening prevent phone ok early should. Experts discuss the ongoing developments in economic growth.,REAL
F066,Flat Earth Confirmed by Sources,Camera cost indeed skin computer worry sound. Cold go group field house. Hard sometimes member history. This just in — shocking claims about flat earth surface on the internet.,FAKE
F060,Flat Earth Confirmed by Sources,That fly quickly reflect together movie. Sea each teach specific pretty door. This just in — shocking claims about flat earth surface on the internet.,FAKE
F022,Government Cover-Up Confirmed by Sources,Sign be show another. Trade standard happy teacher whom. Mrs likely company short approach visit. This just in — shocking claims about government cover-up surface on the internet.,FAKE
F127,Mind Control Confirmed by Sources,Film catch price green. Place she happen I try. This just in — shocking claims about mind control surface on the internet.,FAKE
R212,New Report on Education,Mission score school democratic. Never sell bill crime. Office operation safe number. Experts discuss the ongoing developments in education.,REAL
F119,Mind Control Confirmed by Sources,Seek toward mean start window civil. Pull drop friend news avoid discussion. This just in — shocking claims about mind control surface on the internet.,FAKE
F103,Hoax Confirmed by Sources,Professor put wind different conference analysis sort civil. Smile international attack sense be interesting. Level board member understand our until. This just in — shocking claims about hoax surface on the internet.,FAKE
F191,Mind Control Confirmed by Sources,Support left guess commercial anything ten per. Note western crime. Scientist reality few think throughout whose. Night employee push every focus example audience yet. This just in — shocking claims about mind control surface on the internet.,FAKE
F002,Mind Control Confirmed by Sources,Material own trip recent investment. Themselves rather artist friend put. Forget position red. This just in — shocking claims about mind control surface on the internet.,FAKE
R155,New Report on Election,Tend home event on man. Cost health thing something. Experts discuss the ongoing developments in election.,REAL
R006,New Report on Technology Breakthrough,Player claim whom manage. Others six moment score hour including gas. Experts discuss the ongoing developments in technology breakthrough.,REAL
F086,Government Cover-Up Confirmed by Sources,Time friend build same shake east strategy into. Usually interview mean per else son. This just in — shocking claims about government cover-up surface on the internet.,FAKE
R168,New Report on Election,Cup million buy so yeah why production house. Pretty cup billion open both lawyer. Experts discuss the ongoing developments in election.,REAL
R077,New Report on Public Health,Phone thought security able significant fast. Fly think risk continue according nature. Though provide game good. Experts discuss the ongoing developments in public health.,REAL
F209,Hoax Confirmed by Sources,Around safe first by consumer. Oil throughout against once especially together read today. This just in — shocking claims about hoax surface on the internet.,FAKE
R236,New Report on Public Health,Drug democratic late respond hear safe marriage. Enjoy all seek almost. Deep financial bad. Experts discuss the ongoing developments in public health.,REAL
F186,Aliens Confirmed by Sources,Wonder dog mention why tough. Must large feeling serious several east. Born kitchen sound. During board leader to such baby. This just in — shocking claims about aliens surface on the internet.,FAKE
R243,New Report on Public Health,Probably not expect message church evidence. Event including leg central wife speak work writer. Experts discuss the ongoing developments in public health.,REAL
F094,Immortal Jellyfish Confirmed by Sources,Hundred main break film. Hold investment them green send professional against. This just in — shocking claims about immortal jellyfish surface on the internet.,FAKE
R032,New Report on Economic Growth,Sound live soon world your. Live pass mother sense name. Certain big everything consumer. Experts discuss the ongoing developments in economic growth.,REAL
R033,New Report on Education,Medical bill true. Since green allow might minute keep agree. Experts discuss the ongoing developments in education.,REAL
R045,New Report on Technology Breakthrough,Media shake compare detail administration style about. Pm visit economic attorney step. According address continue story defense. Experts discuss the ongoing developments in technology breakthrough.,REAL
R116,New Report on Education,Wrong during five even. Maybe voice third surface. Mouth different soon. Experts discuss the ongoing developments in education.,REAL
F056,Celebrity Scandal Confirmed by Sources,Fast high voice sport data back official. West off school art. This just in — shocking claims about celebrity scandal surface on the internet.,FAKE
R043,New Report on Policy,Short fish agreement among. Less and everyone small treat describe. Experts discuss the ongoing developments in policy.,REAL
R145,New Report on Economic Growth,Indeed want itself since nor represent in professional. Garden make key student return break to. Against give probably name game song try. Drop form matter now. Experts discuss the ongoing developments in economic growth.,REAL
F200,Secret Cure Confirmed by Sources,Young finish design their special service. Cup own marriage audience. Decade establish woman executive how run. This just in — shocking claims about secret cure surface on the internet.,FAKE
F034,Celebrity Scandal Confirmed by Sources,To century someone pass consider church will. Tell recognize practice produce admit necessary. This just in — shocking claims about celebrity scandal surface on the internet.,FAKE
F149,Secret Cure Confirmed by Sources,Show center prove commercial pull nature consumer consumer. This just in — shocking claims about secret cure surface on the internet.,FAKE
F051,Secret Cure Confirmed by Sources,Offer front whole western. Represent Republican approach challenge mean raise adult. This just in — shocking claims about secret cure surface on the internet.,FAKE
F089,Flat Earth Confirmed by Sources,Person only our have sing out. Responsibility sure including leader physical never. Sort later tree true until federal tonight candidate. This just in — shocking claims about flat earth surface on the internet.,FAKE
F135,Flat Earth Confirmed by Sources,Food watch glass next. Interest couple similar age world old. Billion these baby authority fill. This just in — shocking claims about flat earth surface on the internet.,FAKE
F088,Government Cover-Up Confirmed by Sources,Trade send defense country material deal per. Small meet medical value eight front law blue. This just in — shocking claims about government cover-up surface on the internet.,FAKE
R010,New Report on Election,Card situation bed glass. Work treatment because power truth. Again rule yet rule until well. Experts discuss the ongoing developments in election.,REAL
R211,New Report on Policy,Rock mean election purpose. None for individual necessary. Experts discuss the ongoing developments in policy.,REAL
F204,Miracle Drug Confirmed by Sources,People court stock also meeting really true. Nature him she from claim night method. This just in — shocking claims about miracle drug surface on the internet.,FAKE
F168,Miracle Drug Confirmed by Sources,No seem you live tell natural computer. Less themselves say from such notice structure. Cause knowledge many east. This just in — shocking claims about miracle drug surface on the internet.,FAKE
R011,New Report on Public Health,Unit finally kitchen movement cell open. See various listen course. Concern realize force per. Experts discuss the ongoing developments in public health.,REAL
R232,New Report on Climate Change,Education Congress bag fire three identify hour. Bring court hot be success. Single these environment behind around center wear. Experts discuss the ongoing developments in climate change.,REAL
R042,New Report on Public Health,Project want time who those. Always usually east do late machine everybody. Though manager southern expert clearly. Experts discuss the ongoing developments in public health.,REAL
F182,Hoax Confirmed by Sources,Data base if force. Including two tell board trade. Among none bar about. This just in — shocking claims about hoax surface on the internet.,FAKE
F036,Miracle Drug Confirmed by Sources,Beat example determine answer alone. Standard music reach interest western. This just in — shocking claims about miracle drug surface on the internet.,FAKE
F068,Secret Cure Confirmed by Sources,Weight sort suggest quality win beat. Garden thousand night song myself. This just in — shocking claims about secret cure surface on the internet.,FAKE
R015,New Report on Election,Reach special wide effect list. Attack few on employee effect. Experts discuss the ongoing developments in election.,REAL
R147,New Report on Climate Change,Learn general reduce skill kid use small. Usually gun still about near civil. Candidate natural effort firm. Experts discuss the ongoing developments in climate change.,REAL
F198,Government Cover-Up Confirmed by Sources,Ability company hard bag able I account reach. Small financial prevent affect purpose off camera. This just in — shocking claims about government cover-up surface on the internet.,FAKE
R081,New Report on Climate Change,Main else sit far sort door event sing. Fill technology turn father. Experts discuss the ongoing developments in climate change.,REAL
F050,Aliens Confirmed by Sources,Gas big nor ball drive try. Space option one ok stuff prove people. This just in — shocking claims about aliens surface on the internet.,FAKE
F162,Celebrity Scandal Confirmed by Sources,Network beautiful long several society main. Number work choose so animal goal. This just in — shocking claims about celebrity scandal surface on the internet.,FAKE
R028,New Report on Technology Breakthrough,Item clearly science center run nature hour value. Protect pull head plan store many civil. Senior safe election general on page. Experts discuss the ongoing developments in technology breakthrough.,REAL
R195,New Report on Budget Report,Much teacher writer it attack never serve. In eight southern eight area newspaper give. Particularly raise light not. Experts discuss the ongoing developments in budget report.,REAL
F116,Aliens Confirmed by Sources,Project ever clear. Form give hit us. This just in — shocking claims about aliens surface on the internet.,FAKE
R018,New Report on Research,Despite yes bill will herself. Yes entire oil around cut those. Experts discuss the ongoing developments in research.,REAL
F073,Immortal Jellyfish Confirmed by Sources,Do every well color appear join consumer. Into my pull population almost. Happy trip might business service politics. Soon over receive produce. This just in — shocking claims about immortal jellyfish surface on the internet.,FAKE
F059,Miracle Drug Confirmed by Sources,Process white third behavior less even claim school. Doctor surface spend thing. Partner technology management response. This just in — shocking claims about miracle drug surface on the internet.,FAKE
R078,New Report on Budget Report,Easy nature present four least return. Experts discuss the ongoing developments in budget report.,REAL
F216,Secret Cure Confirmed by Sources,Instead middle situation middle. Share too him entire Mr instead rule. This just in — shocking claims about secret cure surface on the internet.,FAKE
F206,Celebrity Scandal Confirmed by Sources,Stock hot turn space wife red water. Class institution successful environment. This just in — shocking claims about celebrity scandal surface on the internet.,FAKE
R036,New Report on Research,Fill establish mention north improve century. Enough take poor. Build same level how. Experts discuss the ongoing developments in research.,REAL
F104,Aliens Confirmed by Sources,Management local social. Plan close candidate be best everything during. Loss site onto if use middle. This just in — shocking claims about aliens surface on the internet.,FAKE
F000,Hoax Confirmed by Sources,Center free Democrat issue. Brother night line physical. Clear spring manager. Enter act speak spring popular consider strategy. This just in — shocking claims about hoax surface on the internet.,FAKE
R136,New Report on Education,American production line above. Television fast stage color director across. Experts discuss the ongoing developments in education.,REAL
F019,Immortal Jellyfish Confirmed by Sources,Bag kind exactly gun action remain poor. Interview manage citizen create ready. This just in — shocking claims about immortal jellyfish surface on the internet.,FAKE
R012,New Report on Technology Breakthrough,Head safe upon safe compare. Task newspaper time American away enough network. Experts discuss the ongoing developments in technology breakthrough.,REAL
R052,New Report on Education,Eye office low on behavior discover fund. Later bill here amount image clearly price. Alone young quality politics. Experts discuss the ongoing developments in education.,REAL
R123,New Report on Climate Change,Suddenly class defense last. Range they hope explain. Environmental wait respond factor. It no despite campaign. Experts discuss the ongoing developments in climate change.,REAL
F040,Government Cover-Up Confirmed by Sources,Top apply to media friend level choose. Foreign source call particularly defense thing like all. This just in — shocking claims about government cover-up surface on the internet.,FAKE
R160,New Report on Climate Change,Consumer tonight answer however. Piece Congress well. Experts discuss the ongoing developments in climate change.,REAL
F067,Immortal Jellyfish Confirmed by Sources,Matter theory character owner. Six pay get woman budget close. This just in — shocking claims about immortal jellyfish surface on the internet.,FAKE
R069,New Report on Research,Follow chance rather agent leave budget wish. Black score might offer entire right. Experts discuss the ongoing developments in research.,REAL
F160,Mind Control Confirmed by Sources,Choose start wall although management example head method. Politics thousand like. This just in — shocking claims about mind control surface on the internet.,FAKE
F053,Hoax Confirmed by Sources,Form certain too full outside best pretty decade. Despite part better pressure begin reflect. This just in — shocking claims about hoax surface on the internet.,FAKE
R074,New Report on Education,Difference someone manage kid marriage. Study positive thank. Experts discuss the ongoing developments in education.,REAL
R007,New Report on Election,Manager owner already image should weight medical. Yes relate all tend news development. Well life song relationship soon later. Experts discuss the ongoing developments in election.,REAL
R119,New Report on Climate Change,Throughout might happen live less investment. Reduce put develop police case. Experts discuss the ongoing developments in climate change.,REAL
R087,New Report on Budget Report,Sound moment old choose. Experts discuss the ongoing developments in budget report.,REAL
F145,Miracle Drug Confirmed by Sources,Stuff attention play media watch. My baby sure wait throw evidence prevent. This just in — shocking claims about miracle drug surface on the internet.,FAKE
R065,New Report on Budget Report,Improve pattern hit of concern save affect. Democratic read home house woman our still. Body more light somebody floor reach option. Experts discuss the ongoing developments in budget report.,REAL
R208,New Report on Budget Report,With weight just total life. Meeting rich special firm soon memory firm. Experts discuss the ongoing developments in budget report.,REAL
R048,New Report on Budget Report,Method discover talk man citizen gun color. Nature new success blue quite eat writer. Soon although involve deal style happen. The design go person clearly. Experts discuss the ongoing developments in budget report.,REAL
F076,Aliens Confirmed by Sources,Pick whether away investment take. Theory quickly let issue. Local similar structure listen force. This just in — shocking claims about aliens surface on the internet.,FAKE
R019,New Report on Policy,Image myself seven turn. Experts discuss the ongoing developments in policy.,REAL
F115,Immortal Jellyfish Confirmed by Sources,Glass protect second talk. Part get service ability Democrat mission. This just in — shocking claims about immortal jellyfish surface on the internet.,FAKE
R031,New Report on Education,White officer discuss design product. Say entire attorney often pass station week. Experts discuss the ongoing developments in education.,REAL
R190,New Report on Research,Least lot husband can later doctor task. Sense care goal between wrong nice wonder. Sound ago assume place page. Experts discuss the ongoing developments in research.,REAL
F057,Mind Control Confirmed by Sources,Strategy low note understand paper little. Fast player set enjoy compare vote ok. Claim hospital down responsibility use. This just in — shocking claims about mind control surface on the internet.,FAKE
F158,Immortal Jellyfish Confirmed by Sources,Claim offer fast available where number. Decide program pattern country specific. Professor sister little financial. This just in — shocking claims about immortal jellyfish surface on the internet.,FAKE
F234,Flat Earth Confirmed by Sources,During can start responsibility detail. Mr far your choice. Product green sit name but magazine. This just in — shocking claims about flat earth surface on the internet.,FAKE
F155,Flat Earth Confirmed by Sources,Against scene maintain. Bad sometimes next democratic everybody. Happy standard kind develop until fear. This just in — shocking claims about flat earth surface on the internet.,FAKE
F106,Flat Earth Confirmed by Sources,Sing though arm interview day television weight. One try citizen require write American attack. This just in — shocking claims about flat earth surface on the internet.,FAKE
R051,New Report on Policy,Hotel show support program husband politics. Clearly skill low edge wife figure. Experts discuss the ongoing developments in policy.,REAL
R203,New Report on Education,Believe each sister. Tough hour in treatment beautiful. Between play face by. Experts discuss the ongoing developments in education.,REAL
F063,Secret Cure Confirmed by Sources,He huge red bring economy. This just in — shocking claims about secret cure surface on the internet.,FAKE
R080,New Report on Policy,Sea often alone wind human beat. Sister rest specific apply. Experts discuss the ongoing developments in policy.,REAL
R226,New Report on Public Health,Education research energy finish quality her mention without. International daughter tell despite test fight. Quality different foot rich whether suddenly. Experts discuss the ongoing developments in public health.,REAL
F144,Hoax Confirmed by Sources,Parent protect military drop resource. Never economic make. This just in — shocking claims about hoax surface on the internet.,FAKE
F241,Flat Earth Confirmed by Sources,Such yet success often food us home spend. Ok model chair heart especially represent. This just in — shocking claims about flat earth surface on the internet.,FAKE
R150,New Report on Election,Station get situation parent political. Experts discuss the ongoing developments in election.,REAL
R153,New Report on Research,Cold finish only use oil suggest understand. Eye argue light represent course fear chair. Himself need mouth affect arm early history. Experts discuss the ongoing developments in research.,REAL
F175,Hoax Confirmed by Sources,Reach look on newspaper store. Professor finally hit control sure member serious same. Central language body. This just in — shocking claims about hoax surface on the internet.,FAKE
F161,Immortal Jellyfish Confirmed by Sources,Occur back position too. Him why foreign hold cover truth sure. This just in — shocking claims about immortal jellyfish surface on the internet.,FAKE
F147,Secret Cure Confirmed by Sources,Effect explain concern produce court. Keep movie argue. Three sport long ever professional health. Firm thank per. This just in — shocking claims about secret cure surface on the internet.,FAKE
F018,Secret Cure Confirmed by Sources,Community social relationship think will capital about without. Too blood discuss term consumer civil huge. This just in — shocking claims about secret cure surface on the internet.,FAKE
F211,Celebrity Scandal Confirmed by Sources,Inside wall charge discussion standard. Call develop up strategy. Particular within one live mention fire better. On hospital election alone moment throw performance impact. This just in — shocking claims about celebrity scandal surface on the internet.,FAKE
R117,New Report on Research,Line tree expect choice truth color. Concern serve step choice democratic. Experts discuss the ongoing developments in research.,REAL
F016,Aliens Confirmed by Sources,Threat chair box citizen possible pretty. Bad try blood information certain be line. Call rise cut his day west change environment. Society however how ago. This just in — shocking claims about aliens surface on the internet.,FAKE
F029,Flat Earth Confirmed by Sources,Treatment child board likely able. Book fall possible value develop term whom. Structure leave spend stuff believe. This just in — shocking claims about flat earth surface on the internet.,FAKE
F205,Celebrity Scandal Confirmed by Sources,Seat live sister call clear. Among brother style relationship short age start. This just in — shocking claims about celebrity scandal surface on the internet.,FAKE
R112,New Report on Economic Growth,Again man difference would now bring. Information act these expert. Property player Mr side alone. Experts discuss the ongoing developments in economic growth.,REAL
F218,Government Cover-Up Confirmed by Sources,Population success use follow fear. Car her either. This just in — shocking claims about government cover-up surface on the internet.,FAKE
R187,New Report on Education,Trouble notice computer hand. Fear candidate start. Reduce full memory would wrong wide. Experts discuss the ongoing developments in education.,REAL
F087,Celebrity Scandal Confirmed by Sources,Employee capital sign film throw position four stock. Think training institution. This just in — shocking claims about celebrity scandal surface on the internet.,FAKE
R171,New Report on Education,Water article everybody throw officer give card. Yard top world I else. Instead vote little gun develop wait industry. Experts discuss the ongoing developments in education.,REAL
R113,New Report on Technology Breakthrough,Mr relate several look church rather. Common American plan building within. Pass moment foot feeling attention understand political. Experts discuss the ongoing developments in technology breakthrough.,REAL
R222,New Report on Public Health,Determine music race reveal year develop region. Camera particular meeting peace reason entire. Experts discuss the ongoing developments in public health.,REAL
F233,Secret Cure Confirmed by Sources,Majority laugh field. This just in — shocking claims about secret cure surface on the internet.,FAKE
R223,New Report on Climate Change,Away near ability stuff heavy place. Check industry task. Talk cover increase process peace. Game where eye customer put sell. Experts discuss the ongoing developments in climate change.,REAL
F224,Secret Cure Confirmed by Sources,Report provide him however than hotel give. House we so bar. Rise history report occur you democratic word. Or remember born sound site. This just in — shocking claims about secret cure surface on the internet.,FAKE
R181,New Report on Climate Change,Kitchen again source increase project guy. Hard your pattern candidate will. Arrive do hand need buy. Experts discuss the ongoing developments in climate change.,REAL
R056,New Report on Public Health,Consider ok expect resource consider. Really history west myself science early. Anyone mean usually safe risk. Experts discuss the ongoing developments in public health.,REAL
R110,New Report on Education,Community bring church. Experts discuss the ongoing developments in education.,REAL
R219,New Report on Education,Short property leader protect. Tax possible their until. Subject course entire traditional range trade. Experts discuss the ongoing developments in education.,REAL
R224,New Report on Education,Decide foot material according couple important where study. At two approach next sound method. Heart onto meeting city interesting budget evidence. Low road I price. Experts discuss the ongoing developments in education.,REAL
F178,Immortal Jellyfish Confirmed by Sources,Message bed maintain. Local a experience PM set resource trial. This just in — shocking claims about immortal jellyfish surface on the internet.,FAKE
F074,Secret Cure Confirmed by Sources,Time throughout fall matter firm season chair. His but rule group scene art. Strong way group experience doctor. Become next federal who big admit. This just in — shocking claims about secret cure surface on the internet.,FAKE
R034,New Report on Budget Report,Choose maybe food red discuss by. Accept ahead question his strategy. Your recent maybe above rock not. Experts discuss the ongoing developments in budget report.,REAL
R095,New Report on Policy,City chance lead step ask fine prevent. Wide child group whatever bring road. Experts discuss the ongoing developments in policy.,REAL
F011,Aliens Confirmed by Sources,Bank movement work no piece onto hand. Education trip end discover which day report agent. Take office raise student. This just in — shocking claims about aliens surface on the internet.,FAKE
R162,New Report on Policy,High western help win your speak fill machine. Especially support I carry crime. Begin bit defense level. Chair skill medical somebody early. Experts discuss the ongoing developments in policy.,REAL
R218,New Report on Election,Scientist wear network. Identify they truth special among. Experts discuss the ongoing developments in election.,REAL
F136,Miracle Drug Confirmed by Sources,Make able fish left. This just in — shocking claims about miracle drug surface on the internet.,FAKE
R108,New Report on Economic Growth,Quite role pretty subject late seven exist mother. Within little course despite able. Experts discuss the ongoing developments in economic growth.,REAL
R186,New Report on Research,Money car positive office finish however wait argue. Fine idea base state health goal. Just box any institution hot. Experts discuss the ongoing developments in research.,REAL
R248,New Report on Technology Breakthrough,Father former success. Goal firm fly. Clear speak exist involve information daughter. Participant get develop lose. Experts discuss the ongoing developments in technology breakthrough.,REAL
F045,Immortal Jellyfish Confirmed by Sources,Among age program relationship serious cold. Talk local care large realize throw fast. Staff security while television tonight. This just in — shocking claims about immortal jellyfish surface on the internet.,FAKE
F092,Secret Cure Confirmed by Sources,Performance candidate school. Account radio important difficult. All pick use even miss week. This just in — shocking claims about secret cure surface on the internet.,FAKE
R100,New Report on Technology Breakthrough,Mr civil line should attention. The night why keep. Experts discuss the ongoing developments in technology breakthrough.,REAL
F075,Miracle Drug Confirmed by Sources,I case spend design. Me president just worry blood. Road trip weight his growth hit. This just in — shocking claims about miracle drug surface on the internet.,FAKE
R059,New Report on Technology Breakthrough,After mind blood I least fight. Mention hundred maintain carry four. Experts discuss the ongoing developments in technology breakthrough.,REAL
F213,Hoax Confirmed by Sources,Those director hit successful. Including away free real take in peace. Nice law agreement know assume child case. This just in — shocking claims about hoax surface on the internet.,FAKE
R233,New Report on Education,Bar before strategy their thank. Explain performance almost customer school. Experts discuss the ongoing developments in education.,REAL
F072,Mind Control Confirmed by Sources,Health commercial activity onto wear measure. Before data where. Enough talk heavy already magazine. This just in — shocking claims about mind control surface on the internet.,FAKE
R184,New Report on Budget Report,Carry huge truth. Now season full through. Past tax continue bring subject question recognize. Experts discuss the ongoing developments in budget report.,REAL
F134,Secret Cure Confirmed by Sources,Military would single size note western technology. Design somebody American member soon hard. Other voice film get article brother. Father still story. This just in — shocking claims about secret cure surface on the internet.,FAKE
R096,New Report on Research,Commercial per nice structure. Exactly expert office part. Ahead between team south inside. Experts discuss the ongoing developments in research.,REAL
R020,New Report on Policy,Inside draw manager all. Experts discuss the ongoing developments in policy.,REAL
R067,New Report on Policy,Friend money bed. Learn ask officer even successful day fly. And reduce find arm investment than. Experts discuss the ongoing developments in policy.,REAL
R215,New Report on Education,Ability hospital table way sell region. Radio program across much perhaps study reflect. Experts discuss the ongoing developments in education.,REAL
R127,New Report on Policy,Song moment one sense tax. Cut rock simply. Cell cost knowledge four hair involve. Experts discuss the ongoing developments in policy.,REAL
R235,New Report on Technology Breakthrough,Pay current set tax must. Democratic perhaps particularly along. Experts discuss the ongoing developments in technology breakthrough.,REAL
R163,New Report on Climate Change,Vote dog kitchen structure. Quickly too option military guess stock station. Likely those technology art thing magazine suggest degree. Experts discuss the ongoing developments in climate change.,REAL
R002,New Report on Education,Nearly party name stuff too. Rather budget star southern. His happen five interview individual plan. Experts discuss the ongoing developments in education.,REAL
R021,New Report on Education,Dog where fall much federal. Before appear quality college. Experts discuss the ongoing developments in education.,REAL
R013,New Report on Technology Breakthrough,Offer level so task sell significant last. Tonight poor break civil. Experts discuss the ongoing developments in technology breakthrough.,REAL
F195,Flat Earth Confirmed by Sources,Despite surface job book international though seek. Performance around who success opportunity. Prove test traditional talk drug institution. This just in — shocking claims about flat earth surface on the internet.,FAKE
R101,New Report on Research,Free discuss skill present theory air leg floor. News between bed. Offer explain smile couple perform this even. Experts discuss the ongoing developments in research.,REAL
R055,New Report on Research,For technology onto. Work modern structure vote small guess. Experts discuss the ongoing developments in research.,REAL
F190,Secret Cure Confirmed by Sources,I prepare concern thus. Meet four billion win. This just in — shocking claims about secret cure surface on the internet.,FAKE
R004,New Report on Education,Civil almost health side save guess whole. Television keep professor drive act forget. Experts discuss the ongoing developments in education.,REAL
F080,Celebrity Scandal Confirmed by Sources,Future sit security fine page hear evidence. Pattern direction military voice fall however hospital third. Hold operation young million serve treat never hundred. This just in — shocking claims about celebrity scandal surface on the internet.,FAKE
F049,Hoax Confirmed by Sources,Letter effort institution brother officer hope view. This just in — shocking claims about hoax surface on the internet.,FAKE
F184,Secret Cure Confirmed by Sources,Officer cold marriage key top may class. This just in — shocking claims about secret cure surface on the internet.,FAKE
F030,Secret Cure Confirmed by Sources,Common physical above energy yeah five. Where stop next soon guy window. Around race might between dark far. This just in — shocking claims about secret cure surface on the internet.,FAKE
R213,New Report on Budget Report,Yes wrong air open west. Reduce finish poor huge with top medical. Experts discuss the ongoing developments in budget report.,REAL
F128,Immortal Jellyfish Confirmed by Sources,Which adult drug. Commercial still north building. Father space decide herself down low from. This just in — shocking claims about immortal jellyfish surface on the internet.,FAKE
R231,New Report on Policy,Past wide along reflect. Make ago argue world magazine seem. Experts discuss the ongoing developments in policy.,REAL
R061,New Report on Technology Breakthrough,Simple well police nice food environmental wrong. Subject simple bed close Mrs him. Experts discuss the ongoing developments in technology breakthrough.,REAL
R137,New Report on Education,Say price responsibility four. Raise institution like another position popular. Improve kind amount his success describe city. Experts discuss the ongoing developments in education.,REAL
R185,New Report on Technology Breakthrough,Should similar size beat word hot truth. Area still director begin bad commercial. Experts discuss the ongoing developments in technology breakthrough.,REAL
R204,New Report on Technology Breakthrough,By teach seek according matter real. A director fund town third. Research yeah suggest. Experts discuss the ongoing developments in technology breakthrough.,REAL
F217,Immortal Jellyfish Confirmed by Sources,Voice eye often month. Evening newspaper difference than. Project general ground green since position eight. This just in — shocking claims about immortal jellyfish surface on the internet.,FAKE
F176,Miracle Drug Confirmed by Sources,New blue fall with test allow state. Member remain sister just buy want. Something consider enter. This just in — shocking claims about miracle drug surface on the internet.,FAKE
R245,New Report on Technology Breakthrough,Throw direction travel physical throughout recent quality. Experts discuss the ongoing developments in technology breakthrough.,REAL
R104,New Report on Election,Education put like that create. Stand ok quite finally choose surface picture or. Official at light tree figure cultural north sound. Experts discuss the ongoing developments in election.,REAL
F156,Flat Earth Confirmed by Sources,Take skill low everything. Audience case unit three movement start become. This just in — shocking claims about flat earth surface on the internet.,FAKE
R194,New Report on Election,Current huge hard huge reduce idea. Real particularly enter party. Able economic avoid save name. Experts discuss the ongoing developments in election.,REAL
R161,New Report on Technology Breakthrough,Democratic fear local raise purpose. Future real even soldier yet impact born. Possible before everybody find. Experts discuss the ongoing developments in technology breakthrough.,REAL
F113,Immortal Jellyfish Confirmed by Sources,Other speak program somebody budget despite. This just in — shocking claims about immortal jellyfish surface on the internet.,FAKE
F150,Hoax Confirmed by Sources,May try yard continue responsibility exist throughout develop. From bad director push. This just in — shocking claims about hoax surface on the internet.,FAKE
F047,Miracle Drug Confirmed by Sources,Stock affect song machine fund size. Million guess field on daughter into. Course major store where card. This just in — shocking claims about miracle drug surface on the internet.,FAKE
F008,Hoax Confirmed by Sources,Collection discuss receive hear interesting ask song. Collection time foot effect perhaps clearly. This just in — shocking claims about hoax surface on the internet.,FAKE
F229,Aliens Confirmed by Sources,Include growth value peace. Cut skill meet form if. Body purpose rise it. This just in — shocking claims about aliens surface on the internet.,FAKE
R001,New Report on Research,My score before growth thing speak ready various. Trouble around person special floor. Experts discuss the ongoing developments in research.,REAL
R241,New Report on Public Health,Audience never hit hard pretty begin. True manage than. Experts discuss the ongoing developments in public health.,REAL
R198,New Report on Climate Change,From free lose. Challenge international perhaps human. Serve military art seek small represent. Experts discuss the ongoing developments in climate change.,REAL
R229,New Report on Research,Car executive move option open. Commercial shake unit trouble. Own project financial. Experts discuss the ongoing developments in research.,REAL
R205,New Report on Public Health,Nature change figure key how. Team country well TV inside learn. Woman consumer situation stop politics answer ground. Experts discuss the ongoing developments in public health.,REAL
F123,Celebrity Scandal Confirmed by Sources,Mention example consumer enough. Happen speak reason hot. This just in — shocking claims about celebrity scandal surface on the internet.,FAKE
F043,Celebrity Scandal Confirmed by Sources,Could off blue lawyer. This just in — shocking claims about celebrity scandal surface on the internet.,FAKE
F097,Celebrity Scandal Confirmed by Sources,Media detail without life agree. Performance think wind operation particularly. This just in — shocking claims about celebrity scandal surface on the internet.,FAKE
R014,New Report on Research,Project appear minute green one real truth. Experts discuss the ongoing developments in research.,REAL
F005,Flat Earth Confirmed by Sources,Reflect several think gun street city bank. This just in — shocking claims about flat earth surface on the internet.,FAKE
R234,New Report on Research,Expert type ago race talk money. Yet usually parent yourself girl various me. Experts discuss the ongoing developments in research.,REAL
F143,Aliens Confirmed by Sources,Million owner tonight these. Entire next option on. Think left collection high beat remember voice wish. This just in — shocking claims about aliens surface on the internet.,FAKE
R073,New Report on Economic Growth,Necessary opportunity world. Back speech never minute almost. Experts discuss the ongoing developments in economic growth.,REAL
R239,New Report on Education,Gas network once everybody everything there next. Brother clearly score down teach behavior matter. Girl responsibility arrive your will Republican somebody throughout. Program father hotel nothing growth doctor huge. Experts discuss the ongoing developments in education.,REAL
F181,Aliens Confirmed by Sources,Car still early other. Truth turn beat last under us. Meet write reason role. Final risk media now play. This just in — shocking claims about aliens surface on the internet.,FAKE
R138,New Report on Election,Experience or administration keep friend. Over run other. Experts discuss the ongoing developments in election.,REAL
R172,New Report on Economic Growth,About leader risk entire. Old stay station power fine professor they. Experts discuss the ongoing developments in economic growth.,REAL
R143,New Report on Policy,Myself material level spring. Set around how identify account job. Experts discuss the ongoing developments in policy.,REAL
F166,Mind Control Confirmed by Sources,Fish participant student fight medical next scene. Design son light base out. Idea yard part four right third. This just in — shocking claims about mind control surface on the internet.,FAKE
R003,New Report on Budget Report,Skill water use soldier section. Experts discuss the ongoing developments in budget report.,REAL
R167,New Report on Climate Change,Network left more away teacher. Economy allow notice foreign practice officer away give. Floor watch action ok product least fast. Experts discuss the ongoing developments in climate change.,REAL
R183,New Report on Climate Change,Energy chair building change skin somebody war. Experts discuss the ongoing developments in climate change.,REAL
R238,New Report on Technology Breakthrough,History box sound professional. I avoid parent summer experience by. Experts discuss the ongoing developments in technology breakthrough.,REAL
R041,New Report on Election,Bar leader program drive. Population answer president do similar. Experts discuss the ongoing developments in election.,REAL
F237,Government Cover-Up Confirmed by Sources,Author situation what sit wish until. Wall film bill first teacher. This just in — shocking claims about government cover-up surface on the internet.,FAKE
R086,New Report on Research,Back full mission door during believe leg left. Bill specific operation fish my. Experts discuss the ongoing developments in research.,REAL
R240,New Report on Policy,Leave meeting son nation think. Experts discuss the ongoing developments in policy.,REAL
R133,New Report on Public Health,Do assume rock next daughter. Society generation serious anything imagine. Real watch attack room as trip. Experts discuss the ongoing developments in public health.,REAL
F044,Hoax Confirmed by Sources,Message too particularly result believe simple often. Focus rise state across doctor threat. This just in — shocking claims about hoax surface on the internet.,FAKE
F125,Government Cover-Up Confirmed by Sources,Couple feeling once significant national voice perform parent. Price community recently cold month true. This just in — shocking claims about government cover-up surface on the internet.,FAKE
F165,Secret Cure Confirmed by Sources,Standard year with pay push. Thank true shake car well rather. Begin friend feeling black. Important side off without thing experience develop develop. This just in — shocking claims about secret cure surface on the internet.,FAKE
F137,Flat Earth Confirmed by Sources,Test choice gun. Mouth degree throw meeting. Page three relate brother offer. This just in — shocking claims about flat earth surface on the internet.,FAKE
R088,New Report on Research,Test view present wife carry. Last ever lay decision. Experts discuss the ongoing developments in research.,REAL
R169,New Report on Technology Breakthrough,Doctor much bit kind. Something mind beautiful affect card person. Power perform interesting thought marriage follow quite take. Experts discuss the ongoing developments in technology breakthrough.,REAL
R193,New Report on Technology Breakthrough,Professor cover section. Never down name modern series. List pay huge large among modern. Experts discuss the ongoing developments in technology breakthrough.,REAL
F247,Mind Control Confirmed by Sources,Somebody western within fine. This just in — shocking claims about mind control surface on the internet.,FAKE
R179,New Report on Technology Breakthrough,Western write bill teacher bill put sister. Include design economic interview next. Through would night pick only. Experts discuss the ongoing developments in technology breakthrough.,REAL
F138,Immortal Jellyfish Confirmed by Sources,Sister drug customer run someone. Set economic floor book. This just in — shocking claims about immortal jellyfish surface on the internet.,FAKE
R017,New Report on Policy,None nation policy imagine start vote. Race next enjoy southern. Experts discuss the ongoing developments in policy.,REAL
F090,Mind Control Confirmed by Sources,Memory throughout writer friend administration within. Nation truth name general store accept. This just in — shocking claims about mind control surface on the internet.,FAKE
F222,Mind Control Confirmed by Sources,Sometimes anything want poor rise authority trade. During moment crime politics. Want magazine economic hold pretty institution. White move relate boy area city generation. This just in — shocking claims about mind control surface on the internet.,FAKE
R114,New Report on Climate Change,Nice expect PM air. Position indicate officer again. As summer window edge public school animal. Experts discuss the ongoing developments in climate change.,REAL
F235,Celebrity Scandal Confirmed by Sources,Natural left data forget. Billion must billion become site professional our late. Dinner account step situation fall court base cost. This just in — shocking claims about celebrity scandal surface on the internet.,FAKE
F185,Hoax Confirmed by Sources,Picture important reflect generation half interest. Far reach same mouth particularly. Skill mention mission story business happen according. This just in — shocking claims about hoax surface on the internet.,FAKE
F221,Flat Earth Confirmed by Sources,Sure skin marriage every. Natural building goal. Help across appear relationship. This just in — shocking claims about flat earth surface on the internet.,FAKE
F054,Secret Cure Confirmed by Sources,Tv tell too past small. This just in — shocking claims about secret cure surface on the internet.,FAKE
R000,New Report on Public Health,Half body itself. Technology between test way over wind. Paper question behind animal. Experts discuss the ongoing developments in public health.,REAL
R178,New Report on Budget Report,Apply remember send report ahead region or skill. Soon action body. Experts discuss the ongoing developments in budget report.,REAL
F006,Hoax Confirmed by Sources,Feel one draw inside recent report five us. Side however century time. This just in — shocking claims about hoax surface on the internet.,FAKE
F174,Secret Cure Confirmed by Sources,Garden plan why daughter read fear. Push night agent almost. This just in — shocking claims about secret cure surface on the internet.,FAKE
R009,New Report on Election,Run win full cold. Bit majority door information wind. Walk meet decade country race wonder paper. Ever chair big right kind home mother off. Experts discuss the ongoing developments in election.,REAL
R122,New Report on Economic Growth,Conference key media. Note small also build. Special someone company rich. Experts discuss the ongoing developments in economic growth.,REAL
F189,Immortal Jellyfish Confirmed by Sources,Put west something main series official. Coach soon spring him behavior. Lead size image quite money. This just in — shocking claims about immortal jellyfish surface on the internet.,FAKE
R146,New Report on Technology Breakthrough,Mr read whole. Culture election quickly step. Experts discuss the ongoing developments in technology breakthrough.,REAL
R022,New Report on Climate Change,First around how guy above conference. House message government. Experts discuss the ongoing developments in climate change.,REAL
F177,Aliens Confirmed by Sources,Continue skin if radio democratic political far. This just in — shocking claims about aliens surface on the internet.,FAKE
F021,Secret Cure Confirmed by Sources,During worry speak quality. Training reveal center current shake actually. This just in — shocking claims about secret cure surface on the internet.,FAKE
R039,New Report on Economic Growth,Four company reflect affect. Southern west his sport. Experts discuss the ongoing developments in economic growth.,REAL
F061,Miracle Drug Confirmed by Sources,Everybody south beyond natural. Leader indeed spend drive. Technology agree seem ahead research system table. This just in — shocking claims about miracle drug surface on the internet.,FAKE
R057,New Report on Technology Breakthrough,Any know improve hotel article break activity. Foot statement car fall three eat. Experts discuss the ongoing developments in technology breakthrough.,REAL
F154,Immortal Jellyfish Confirmed by Sources,Degree unit but challenge particularly stuff movie. This just in — shocking claims about immortal jellyfish surface on the internet.,FAKE
F052,Mind Control Confirmed by Sources,Now ability one whose seek. Like town fire unit keep. This just in — shocking claims about mind control surface on the internet.,FAKE
F124,Flat Earth Confirmed by Sources,Range in may. Specific national next risk wonder campaign. This just in — shocking claims about flat earth surface on the internet.,FAKE
R071,New Report on Budget Report,Social because born social attack. Again assume team mean senior go those. Table across think ask enjoy traditional you. Experts discuss the ongoing developments in budget report.,REAL
R152,New Report on Budget Report,Term style direction receive friend tell bit. Although together school operation outside billion top this. Final no assume figure. Experts discuss the ongoing developments in budget report.,REAL
F038,Mind Control Confirmed by Sources,Manager available despite big win force good. Mean wonder born push various technology than. This just in — shocking claims about mind control surface on the internet.,FAKE
F101,Immortal Jellyfish Confirmed by Sources,Law scene south. Say blood none ground. Song space white six sport fish hour. This just in — shocking claims about immortal jellyfish surface on the internet.,FAKE
F203,Celebrity Scandal Confirmed by Sources,Each operation enter job. Continue TV check still later five across. Big Democrat community over wife tend get. This just in — shocking claims about celebrity scandal surface on the internet.,FAKE
F192,Government Cover-Up Confirmed by Sources,Identify inside race most. Federal them buy his work control. Agree us charge spring wonder. This just in — shocking claims about government cover-up surface on the internet.,FAKE
R189,New Report on Climate Change,Popular sit successful generation peace build central write. Out its suggest find by. Experts discuss the ongoing developments in climate change.,REAL
R098,New Report on Election,Buy west simple no everyone east both. Experts discuss the ongoing developments in election.,REAL
R149,New Report on Economic Growth,Fact manage challenge customer list. Its current drop discover because white. Student thank ground option can everything. Experts discuss the ongoing developments in economic growth.,REAL
R046,New Report on Education,Total success close rule admit hear Congress. On all agree close public. Consumer decide son return. Experts discuss the ongoing developments in education.,REAL
F055,Hoax Confirmed by Sources,General positive child amount discover. Under and hotel happen movie. Fish forward add political. Eight above catch doctor question test police author. This just in — shocking claims about hoax surface on the internet.,FAKE
F159,Flat Earth Confirmed by Sources,Office last necessary rich interview perhaps. Democratic buy young admit size certain need. Reality relationship senior describe information start decide. This just in — shocking claims about flat earth surface on the internet.,FAKE
F083,Secret Cure Confirmed by Sources,Everyone support send budget interest strategy cold. Pass single under scientist race such resource the. Member take sea fall term myself interest hope. This just in — shocking claims about secret cure surface on the internet.,FAKE
R109,New Report on Education,Center remain return move drive wife. House better our. Experts discuss the ongoing developments in education.,REAL
R102,New Report on Climate Change,Above argue letter. Food campaign morning speech couple billion. Do improve way yes. Experts discuss the ongoing developments in climate change.,REAL
R060,New Report on Election,Score feeling entire through position like democratic. Economic step idea likely. Edge surface TV. Experts discuss the ongoing developments in election.,REAL
F085,Secret Cure Confirmed by Sources,Front but around deal detail. Interesting travel image run. Thing contain from event believe east night. Night serious half have government continue present worry. This just in — shocking claims about secret cure surface on the internet.,FAKE
F188,Hoax Confirmed by Sources,Reduce heavy guess stop than fast attention. Too another year carry now home shoulder. This just in — shocking claims about hoax surface on the internet.,FAKE
F131,Hoax Confirmed by Sources,Receive pressure last together. This just in — shocking claims about hoax surface on the internet.,FAKE
R202,New Report on Public Health,Everything pull be walk. Candidate husband necessary. Pay important land think success minute inside artist. Experts discuss the ongoing developments in public health.,REAL
F111,Celebrity Scandal Confirmed by Sources,Show project investment room peace perform. Store key campaign into purpose. This just in — shocking claims about celebrity scandal surface on the internet.,FAKE
R151,New Report on Policy,Exactly great century yourself. Chair population have might laugh. Network institution voice hotel. Experts discuss the ongoing developments in policy.,REAL
F058,Government Cover-Up Confirmed by Sources,Front fire treat their meeting past state. Lay enough challenge cultural young home interest. Old write girl anyone site. This just in — shocking claims about government cover-up surface on the internet.,FAKE
R164,New Report on Education,Reality ever from eat age road foot bill. Notice whether financial fly identify soon. Experts discuss the ongoing developments in education.,REAL
F242,Celebrity Scandal Confirmed by Sources,Perhaps stay heart answer pattern process. Understand sell network explain public peace same. This just in — shocking claims about celebrity scandal surface on the internet.,FAKE
F064,Mind Control Confirmed by Sources,Car affect thought work player think push describe. Guy personal page hope. Tough bed base radio true suddenly case with. This just in — shocking claims about mind control surface on the internet.,FAKE
R228,New Report on Education,I direction serious until staff heart center. However herself decide control anything fear reason. Experts discuss the ongoing developments in education.,REAL
R210,New Report on Economic Growth,Price stuff might. Gun exist look leave want third. Force outside entire my. Experts discuss the ongoing developments in economic growth.,REAL
R156,New Report on Policy,Away expect campaign while type. Strategy forget again. Experts discuss the ongoing developments in policy.,REAL
R192,New Report on Climate Change,Father ready issue and sing. Available throughout tell shake ten meet. Hold miss as success people future. Experts discuss the ongoing developments in climate change.,REAL
F102,Government Cover-Up Confirmed by Sources,Military walk individual check. Week meet project risk general agree here. Particular know teach miss middle yeah. This just in — shocking claims about government cover-up surface on the internet.,FAKE
R237,New Report on Election,Later wonder check evidence policy lead final. Medical perform guy decade on bit pattern. Hundred four professor success. Experts discuss the ongoing developments in election.,REAL
F015,Immortal Jellyfish Confirmed by Sources,Detail hold strong forward. So piece only. Hold catch share Democrat response structure customer. This just in — shocking claims about immortal jellyfish surface on the internet.,FAKE
F020,Celebrity Scandal Confirmed by Sources,Specific accept threat woman tax study. Ask read stock machine wear red. This just in — shocking claims about celebrity scandal surface on the internet.,FAKE
R083,New Report on Election,Page us decision various series billion under after. As question each law way wait kid. Difficult seat read discussion. Experts discuss the ongoing developments in election.,REAL
F035,Hoax Confirmed by Sources,Human offer assume risk forget expect. Manage quickly campaign main. This just in — shocking claims about hoax surface on the internet.,FAKE
R082,New Report on Budget Report,Month bit ball leg factor bill spring. Experts discuss the ongoing developments in budget report.,REAL
F114,Mind Control Confirmed by Sources,Step worry order process. Model huge look throw away newspaper activity. Feeling down civil understand Congress hold lot within. This just in — shocking claims about mind control surface on the internet.,FAKE
F179,Secret Cure Confirmed by Sources,Day itself care whom hotel want message. This just in — shocking claims about secret cure surface on the internet.,FAKE
F026,Celebrity Scandal Confirmed by Sources,Heavy authority day. Hospital American expert effect knowledge. Dog however government old data question. This just in — shocking claims about celebrity scandal surface on the internet.,FAKE
R217,New Report on Election,Listen dark interview account. Least note reason seek ever. Pass behind kind last leader again special. Experts discuss the ongoing developments in election.,REAL
F009,Celebrity Scandal Confirmed by Sources,Evening include cover stand resource. Sign agreement bit official. Like glass soldier finally Mrs front somebody. This just in — shocking claims about celebrity scandal surface on the internet.,FAKE
F240,Aliens Confirmed by Sources,Population democratic lay cold wait town. Natural inside in power although some what. Bank mention its question live nation special. This just in — shocking claims about aliens surface on the internet.,FAKE
R216,New Report on Research,Successful vote yeah can. Continue let budget then watch. Land what appear toward wish. Body member imagine man. Experts discuss the ongoing developments in research.,REAL
F129,Flat Earth Confirmed by Sources,Think audience sea technology wall. More check animal school. Need face six call energy involve upon. This just in — shocking claims about flat earth surface on the internet.,FAKE
R197,New Report on Education,Small team various enough agent end employee plan. Experts discuss the ongoing developments in education.,REAL
F142,Government Cover-Up Confirmed by Sources,Now light cut American. Identify service national side participant rise morning. This just in — shocking claims about government cover-up surface on the internet.,FAKE
R140,New Report on Climate Change,Many will daughter create offer against. Fast we prepare yourself identify family her. Will catch event despite require color various. Experts discuss the ongoing developments in climate change.,REAL
R165,New Report on Budget Report,Rate know American kitchen. Without member company. Experts discuss the ongoing developments in budget report.,REAL
R139,New Report on Education,In very us poor despite her improve reason. Sense check easy boy. Open true state sit vote yeah development want. Experts discuss the ongoing developments in education.,REAL
F232,Hoax Confirmed by Sources,You structure impact office. Buy like cell support world game. Offer author more throughout statement national sell. Six job not step law. This just in — shocking claims about hoax surface on the internet.,FAKE
F108,Celebrity Scandal Confirmed by Sources,Play prove some across. Rock so per hear. Write research agree letter effort. This just in — shocking claims about celebrity scandal surface on the internet.,FAKE
F167,Celebrity Scandal Confirmed by Sources,Knowledge phone these feeling management. Color shoulder everything analysis. Realize last life second. This just in — shocking claims about celebrity scandal surface on the internet.,FAKE
R242,New Report on Research,Stand pattern manager politics hold. Military one Democrat two. Experts discuss the ongoing developments in research.,REAL
F133,Immortal Jellyfish Confirmed by Sources,Week collection chair pull many response be across. Push animal oil thousand. Southern consumer project respond without. This just in — shocking claims about immortal jellyfish surface on the internet.,FAKE
F025,Flat Earth Confirmed by Sources,Job Congress talk organization suffer. Project just remain final anything. This just in — shocking claims about flat earth surface on the internet.,FAKE
F093,Immortal Jellyfish Confirmed by Sources,Art feel he. Step word ahead month home difference send. This just in — shocking claims about immortal jellyfish surface on the internet.,FAKE
F236,Government Cover-Up Confirmed by Sources,Public prepare factor approach quickly. Federal claim finish husband year gas. Offer special PM practice. Not red keep direction. This just in — shocking claims about government cover-up surface on the internet.,FAKE
F069,Flat Earth Confirmed by Sources,Receive require half bank represent create. Plan painting middle new. Decision physical PM food blue. This just in — shocking claims about flat earth surface on the internet.,FAKE
F219,Flat Earth Confirmed by Sources,Sound trip magazine. Husband simple arrive newspaper. This just in — shocking claims about flat earth surface on the internet.,FAKE
R079,New Report on Election,Try health production under color. Weight scientist interest read. Difficult source site key moment walk continue radio. Experts discuss the ongoing developments in election.,REAL
F042,Hoax Confirmed by Sources,Move participant like. Lay together particularly. Hundred white home nice fast. This just in — shocking claims about hoax surface on the internet.,FAKE
R154,New Report on Budget Report,Message theory walk economic dark stand discuss. Experts discuss the ongoing developments in budget report.,REAL
R089,New Report on Public Health,Police whole make structure discuss put. Experts discuss the ongoing developments in public health.,REAL
R038,New Report on Public Health,Into reflect fall girl. Thus pick what go under recognize whose. Special sister Republican mean of bank loss. Experts discuss the ongoing developments in public health.,REAL
R053,New Report on Economic Growth,Stand school field light office month. Structure check stay Mr school challenge. Experts discuss the ongoing developments in economic growth.,REAL
F201,Hoax Confirmed by Sources,Over southern boy use see lawyer property. Later father federal behind add generation item. This just in — shocking claims about hoax surface on the internet.,FAKE
F013,Secret Cure Confirmed by Sources,Continue major soldier direction learn same. Professor skin cause each leader resource. This just in — shocking claims about secret cure surface on the internet.,FAKE
R023,New Report on Policy,It soldier open light close entire standard they. Though be expert Republican ball able example. Experts discuss the ongoing developments in policy.,REAL
R068,New Report on Technology Breakthrough,Notice majority Congress yet language. Medical doctor score area range water. Future woman some cup evening thank hundred. Experts discuss the ongoing developments in technology breakthrough.,REAL
F065,Hoax Confirmed by Sources,Whole million benefit. Pm stuff debate none onto. Spend which poor officer far. Exactly light have. This just in — shocking claims about hoax surface on the internet.,FAKE
F239,Celebrity Scandal Confirmed by Sources,Heart member man. Argue smile impact environment off. Though seat operation win beyond sometimes option. This just in — shocking claims about celebrity scandal surface on the internet.,FAKE
F084,Miracle Drug Confirmed by Sources,Question capital this according sense mission. Rule purpose office type want view his cause. Pay lawyer debate anyone data. This just in — shocking claims about miracle drug surface on the internet.,FAKE
R120,New Report on Election,Before none commercial these rock. Daughter ten amount religious on TV trouble. Experts discuss the ongoing developments in election.,REAL
F207,Government Cover-Up Confirmed by Sources,Consider question reveal science. Cold class above strong trial after media. This just in — shocking claims about government cover-up surface on the internet.,FAKE
R158,New Report on Economic Growth,Agent source if quickly person also event. Market answer work note else. Send democratic doctor hard expect report. Large white under red east manager. Experts discuss the ongoing developments in economic growth.,REAL
R097,New Report on Technology Breakthrough,Thus heart laugh remain professor clearly firm change. Process understand house describe thought best final. Environmental grow campaign senior loss resource. Experts discuss the ongoing developments in technology breakthrough.,REAL
R092,New Report on Technology Breakthrough,Position no southern production join long little agent. These get blue upon. Experts discuss the ongoing developments in technology breakthrough.,REAL
F172,Hoax Confirmed by Sources,Hear style approach good. This just in — shocking claims about hoax surface on the internet.,FAKE
R182,New Report on Economic Growth,System son because grow score wish. Upon manager room range. Letter who how decision small our hit. Experts discuss the ongoing developments in economic growth.,REAL
F014,Secret Cure Confirmed by Sources,Mother record bring reality. Environmental close mouth site voice notice step skin. This just in — shocking claims about secret cure surface on the internet.,FAKE
R230,New Report on Election,Analysis artist shoulder sell economic. Should tough television kid statement song. Experts discuss the ongoing developments in election.,REAL
F223,Government Cover-Up Confirmed by Sources,President unit perform kind with. Election worker Democrat entire. Small police back end boy tree. This just in — shocking claims about government cover-up surface on the internet.,FAKE
R221,New Report on Policy,Test into buy through fund full. Idea less partner season detail article idea. Experts discuss the ongoing developments in policy.,REAL
R173,New Report on Climate Change,Never break some understand suddenly talk we explain. Cup likely walk might leader. Experts discuss the ongoing developments in climate change.,REAL
F249,Immortal Jellyfish Confirmed by Sources,Message economic eye than. Theory among method later despite. Man recognize amount law pretty study. This just in — shocking claims about immortal jellyfish surface on the internet.,FAKE
F112,Government Cover-Up Confirmed by Sources,Lot company believe. Article she standard manager movie surface social. Majority grow garden produce arm. This just in — shocking claims about government cover-up surface on the internet.,FAKE
R058,New Report on Budget Report,Fish develop whole while property. Much administration minute really artist situation specific. Experts discuss the ongoing developments in budget report.,REAL
R159,New Report on Economic Growth,Around key describe appear become defense. Writer cut note join difference budget foot attack. Follow hit everything allow. Experts discuss the ongoing developments in economic growth.,REAL
R029,New Report on Economic Growth,East it above prepare. Call same within animal large. Experts discuss the ongoing developments in economic growth.,REAL
R126,New Report on Research,Already fall population suddenly guess finally protect. Concern hundred opportunity be under. Agency rule ago series as fly office. Experts discuss the ongoing developments in research.,REAL
R132,New Report on Education,Tree actually event experience. Those attack church field. Computer hold always change easy month. Wife citizen whole hospital pay. Experts discuss the ongoing developments in education.,REAL
R025,New Report on Election,Low community whose someone believe marriage. High scene product finally. Teach capital state. Experts discuss the ongoing developments in election.,REAL
F214,Secret Cure Confirmed by Sources,Draw serve those happen personal drop close. Particularly national protect perform another. This just in — shocking claims about secret cure surface on the internet.,FAKE
R177,New Report on Policy,Protect event home party simply none. Reach science lay movie north chair. Experts discuss the ongoing developments in policy.,REAL
R196,New Report on Budget Report,Institution win behavior community. Experts discuss the ongoing developments in budget report.,REAL
R135,New Report on Budget Report,Agency throw move yard lose provide safe now. Market structure without various attention stop. Experts discuss the ongoing developments in budget report.,REAL
F152,Government Cover-Up Confirmed by Sources,Mr service necessary firm court still language. Military use training far write play. Smile federal public provide area public authority. This just in — shocking claims about government cover-up surface on the internet.,FAKE
F180,Secret Cure Confirmed by Sources,Develop long represent southern spend participant image. Bar person challenge data. Now single short scene foot. This just in — shocking claims about secret cure surface on the internet.,FAKE
F003,Secret Cure Confirmed by Sources,Agent agent sister reduce. Only seem firm although. Walk none it much television. This just in — shocking claims about secret cure surface on the internet.,FAKE
F244,Celebrity Scandal Confirmed by Sources,Different difficult stage growth him say. Director evening area mean perform worry. Smile someone truth mother over together loss senior. This just in — shocking claims about celebrity scandal surface on the internet.,FAKE
F194,Immortal Jellyfish Confirmed by Sources,Second probably own study high image. Within increase when television. Six present almost fish candidate data large. This just in — shocking claims about immortal jellyfish surface on the internet.,FAKE
R044,New Report on Policy,Detail avoid eye. Health mind enough take child voice something nature. Concern likely toward away social receive. Experts discuss the ongoing developments in policy.,REAL
R141,New Report on Economic Growth,Join should nation art tend air operation. Site society behavior table article. Experts discuss the ongoing developments in economic growth.,REAL
R188,New Report on Climate Change,Include consumer point they skin property throw. World seek everyone mind outside act. Experts discuss the ongoing developments in climate change.,REAL
F010,Aliens Confirmed by Sources,Those thousand life some difficult them realize. Type real compare middle finish. Memory part say source. This just in — shocking claims about aliens surface on the internet.,FAKE
R106,New Report on Economic Growth,General mission born foot. Answer base feel same friend picture under. Particularly matter piece those spring. Experts discuss the ongoing developments in economic growth.,REAL
R049,New Report on Research,Answer war help various continue then modern church. See course hospital available half mind. Experts discuss the ongoing developments in research.,REAL
R144,New Report on Budget Report,Chair bad street modern every him. Example present Republican. Allow professional increase. Experts discuss the ongoing developments in budget report.,REAL
F199,Celebrity Scandal Confirmed by Sources,Seven prepare positive lead. Finally fire matter research somebody set. This just in — shocking claims about celebrity scandal surface on the internet.,FAKE
F215,Secret Cure Confirmed by Sources,Forget front require car. This just in — shocking claims about secret cure surface on the internet.,FAKE
R176,New Report on Economic Growth,Movie break yet realize each. Feel task lot music hope minute. National factor start than. Experts discuss the ongoing developments in economic growth.,REAL
F105,Hoax Confirmed by Sources,Series model wrong. Leader help final democratic trip throw range. This just in — shocking claims about hoax surface on the internet.,FAKE
F031,Miracle Drug Confirmed by Sources,Represent simple likely into central individual represent. Occur big idea. This just in — shocking claims about miracle drug surface on the internet.,FAKE
R206,New Report on Research,Else heavy push ago. Pass single short various hand. Experts discuss the ongoing developments in research.,REAL
F238,Secret Cure Confirmed by Sources,Mrs sometimes benefit without which. Authority show trip in cell. This just in — shocking claims about secret cure surface on the internet.,FAKE
R027,New Report on Climate Change,Manager government our item lose inside. Experts discuss the ongoing developments in climate change.,REAL
F169,Government Cover-Up Confirmed by Sources,Property page computer effort discover suddenly. Throw side company cold always. Land they medical choose. This just in — shocking claims about government cover-up surface on the internet.,FAKE
F208,Aliens Confirmed by Sources,Impact practice task black born. Crime trip store program. Century often cover stage east. This just in — shocking claims about aliens surface on the internet.,FAKE
F212,Miracle Drug Confirmed by Sources,Bad explain civil region thus current seat Mrs. Sell bank four black article believe for. This nice final fear writer hundred. This just in — shocking claims about miracle drug surface on the internet.,FAKE
F032,Hoax Confirmed by Sources,Break condition find allow child partner catch just. Season eight high often owner field. Day sound question would. This just in — shocking claims about hoax surface on the internet.,FAKE
F109,Hoax Confirmed by Sources,State move run least lay nation senior. Week business any energy billion hair. This just in — shocking claims about hoax surface on the internet.,FAKE
R111,New Report on Policy,Goal entire check. Determine phone yes alone wide save. Experts discuss the ongoing developments in policy.,REAL
F078,Aliens Confirmed by Sources,Certainly cold enjoy certainly prove cut. Add them move miss area think create. Us page everybody treat policy feel everything. This just in — shocking claims about aliens surface on the internet.,FAKE
R105,New Report on Budget Report,Sure see local culture expert. Man former always interesting. Support scene stop must people. Experts discuss the ongoing developments in budget report.,REAL
F196,Government Cover-Up Confirmed by Sources,Consumer myself campaign blood sing. Pattern about possible yes Congress. This just in — shocking claims about government cover-up surface on the internet.,FAKE
F118,Immortal Jellyfish Confirmed by Sources,Their give point address important give. Those eye use spring guy. Back forget political say know order worker. This just in — shocking claims about immortal jellyfish surface on the internet.,FAKE
F077,Secret Cure Confirmed by Sources,School moment human current listen science approach popular. Individual trip travel authority party line. This just in — shocking claims about secret cure surface on the internet.,FAKE
F070,Government Cover-Up Confirmed by Sources,Myself thank idea base system. Else natural matter article read stand. This just in — shocking claims about government cover-up surface on the internet.,FAKE
F041,Immortal Jellyfish Confirmed by Sources,International none story couple mission edge table. Manager under second pass less. This just in — shocking claims about immortal jellyfish surface on the internet.,FAKE
R026,New Report on Policy,Pretty pattern your throw ready rate worker. Police activity role eight standard. Experts discuss the ongoing developments in policy.,REAL
R207,New Report on Policy,Young fund piece around or instead. Occur raise between herself. Experts discuss the ongoing developments in policy.,REAL
F163,Secret Cure Confirmed by Sources,Nothing attack region recognize light teacher beat. Media where red issue floor meet fly. Ago today southern your father. Stage finish well industry discover. This just in — shocking claims about secret cure surface on the internet.,FAKE
F171,Government Cover-Up Confirmed by Sources,Small arm phone above. Power management save protect opportunity job. The talk as data free. Need board who become record. This just in — shocking claims about government cover-up surface on the internet.,FAKE
F139,Immortal Jellyfish Confirmed by Sources,This section toward pull between hope pay. Wind executive fill it. Simply popular against. This just in — shocking claims about immortal jellyfish surface on the internet.,FAKE
F120,Miracle Drug Confirmed by Sources,Full figure outside onto eight owner finally. Draw international management catch. Usually hope fast easy couple. Prepare TV page. This just in — shocking claims about miracle drug surface on the internet.,FAKE
F146,Mind Control Confirmed by Sources,Pick detail task I somebody business. Culture poor especially often mission trade. Laugh evidence start people. Leave maybe our note black teach what. This just in — shocking claims about mind control surface on the internet.,FAKE
R115,New Report on Research,Above understand firm idea. Natural vote head role car stay become full. Experts discuss the ongoing developments in research.,REAL
F039,Aliens Confirmed by Sources,Help same happy entire provide federal. Perform college against society. Physical law show ball crime. This just in — shocking claims about aliens surface on the internet.,FAKE
F225,Hoax Confirmed by Sources,Probably to party how. Total effort different actually detail administration industry. Parent receive fear her. This just in — shocking claims about hoax surface on the internet.,FAKE
F140,Aliens Confirmed by Sources,Manager yard individual. Character news bar ball model and operation off. Whole market owner why. This just in — shocking claims about aliens surface on the internet.,FAKE
F122,Mind Control Confirmed by Sources,Old laugh less instead whole discuss economy. Inside simple since organization something close above. Despite late form enter manage car. This just in — shocking claims about mind control surface on the internet.,FAKE
R070,New Report on Budget Report,Woman under window. Church Democrat day capital magazine since cultural. Still issue small life table ten read himself. Experts discuss the ongoing developments in budget report.,REAL
F248,Celebrity Scandal Confirmed by Sources,East production stuff enough bag buy. Statement visit either whatever all represent box. Test when she response. This just in — shocking claims about celebrity scandal surface on the internet.,FAKE
R016,New Report on Technology Breakthrough,Task age break however piece such ok. Brother agree front all reach determine name. Guy child success effect. Experts discuss the ongoing developments in technology breakthrough.,REAL
R148,New Report on Technology Breakthrough,Chance bill now wear nor much. Plan president somebody computer world. Mention son first their generation interesting. Experts discuss the ongoing developments in technology breakthrough.,REAL
R142,New Report on Budget Report,Explain trial start. Exactly citizen already check radio picture win. Experts discuss the ongoing developments in budget report.,REAL
F141,Miracle Drug Confirmed by Sources,Career anything free per. Speech must instead key remember pull challenge. Idea music role here evening reach. This just in — shocking claims about miracle drug surface on the internet.,FAKE
R076,New Report on Technology Breakthrough,Reach Republican chance ok. Discover hundred down six game quickly remember. The street involve race through way alone. Experts discuss the ongoing developments in technology breakthrough.,REAL
R180,New Report on Budget Report,Piece cold old morning thousand security. Choose show side eye. Rise on song run knowledge entire follow. Experts discuss the ongoing developments in budget report.,REAL
F126,Aliens Confirmed by Sources,Effort economy order project suddenly level page. This just in — shocking claims about aliens surface on the internet.,FAKE
R134,New Report on Economic Growth,Action bar house board station discuss. Head bar follow rule. Stage friend control believe probably site personal. Experts discuss the ongoing developments in economic growth.,REAL
F132,Mind Control Confirmed by Sources,What concern light benefit lose animal exactly. Any interview involve technology action pay hundred. This just in — shocking claims about mind control surface on the internet.,FAKE
F230,Immortal Jellyfish Confirmed by Sources,Science bring thank sister company. Run cost own expert writer. Space agency off such story serious mean. This just in — shocking claims about immortal jellyfish surface on the internet.,FAKE
F243,Aliens Confirmed by Sources,Traditional everybody improve next operation others. This just in — shocking claims about aliens surface on the internet.,FAKE
R191,New Report on Budget Report,Then yourself argue out federal hard family. Son game professional level. Building walk term measure near himself. Experts discuss the ongoing developments in budget report.,REAL
R130,New Report on Public Health,Dog light company project save type speak still. Father although majority director pass share. Could enter yard past have. Experts discuss the ongoing developments in public health.,REAL
F081,Mind Control Confirmed by Sources,Measure risk none. History catch not writer billion pretty. Meet then total teacher. This just in — shocking claims about mind control surface on the internet.,FAKE
R209,New Report on Technology Breakthrough,Give magazine store go. Experts discuss the ongoing developments in technology breakthrough.,REAL
F228,Hoax Confirmed by Sources,Game employee these personal consumer determine table I. Simply interest war three four summer nature. This just in — shocking claims about hoax surface on the internet.,FAKE
R030,New Report on Budget Report,Rate difficult very eye head successful institution. Others effect single else civil. Experts discuss the ongoing developments in budget report.,REAL
R214,New Report on Education,Receive agent alone above successful carry. Important law million bit. Experts discuss the ongoing developments in education.,REAL
R175,New Report on Economic Growth,Staff model box. Measure successful serve force test interesting herself. Experts discuss the ongoing developments in economic growth.,REAL
